"name","value","year"
"A 農、林、漁、牧業",132685,"1981"
"AA.農耕業",83993,"1981"
"AB.畜牧業",15011,"1981"
"AC.林業",9150,"1981"
"AD.漁業",24531,"1981"
"B 礦業及土石採取業",37546,"1981"
"C 製造業",589620,"1981"
"CA.食品製造業",42005,"1981"
"CB.飲料及菸草製造業",35652,"1981"
"CC.紡織業",60754,"1981"
"CD.成衣及服飾品製造業",34607,"1981"
"CE.皮革、毛皮及其製品製造業",25315,"1981"
"CF.木竹製品製造業",11264,"1981"
"CG.紙漿、紙及紙製品製造業",18735,"1981"
"CH.印刷及資料儲存媒體複製業",8414,"1981"
"CI.石油及煤製品製造業",22513,"1981"
"CJ.化學材料製造業",35808,"1981"
"CK.化學製品製造業",5415,"1981"
"CL.藥品製造業",2191,"1981"
"CM.橡膠製品製造業",5981,"1981"
"CN.塑膠製品製造業",18633,"1981"
"CO.非金屬礦物製品製造業",29252,"1981"
"CP.基本金屬製造業",25090,"1981"
"CQ.金屬製品製造業",25983,"1981"
"CR.電子零組件製造業",22980,"1981"
"CS.電腦、電子產品及光學製品製造業",25480,"1981"
"CT.電力設備製造業",26346,"1981"
"CU.機械設備製造業",17008,"1981"
"CV.汽車及其零件製造業",19731,"1981"
"CW.其他運輸工具製造業",21812,"1981"
"CX.家具製造業",8347,"1981"
"CY.其他製造業",40304,"1981"
"D 電力及燃氣供應業",54959,"1981"
"DA.電力供應業",53671,"1981"
"DB.氣體燃料供應業",1288,"1981"
"E 用水供應及污染整治業",13478,"1981"
"EA.用水供應業",3940,"1981"
"EB.污染整治業",9538,"1981"
"F 營造業",98700,"1981"
"G 批發及零售業",227427,"1981"
"GA.批發業",112838,"1981"
"GB.零售業",114589,"1981"
"H 運輸及倉儲業",77593,"1981"
"HA.陸上運輸業",43555,"1981"
"HB.水上運輸業",5688,"1981"
"HC.航空運輸業",6331,"1981"
"HD.運輸輔助及倉儲業",18551,"1981"
"HE.郵政及快遞業",3468,"1981"
"I 住宿及餐飲業",15686,"1981"
"IA住宿服務業",4907,"1981"
"IB.餐飲業",10779,"1981"
"J 資訊及通訊傳播業",33603,"1981"
"JA.傳播業",8270,"1981"
"JB.電信業",24581,"1981"
"JC.資訊業",752,"1981"
"K 金融及保險業",73230,"1981"
"KA.金融中介業",58849,"1981"
"KB.保險業",14183,"1981"
"KC.證券期貨及其他金融業",198,"1981"
"L 不動產業",88301,"1981"
"LA.不動產業",9595,"1981"
"LB.住宅服務",78706,"1981"
"M 專業、科學及技術服務業",17892,"1981"
"N 支援服務業",10834,"1981"
"NA.租賃業",8055,"1981"
"NB.其他支援服務業",2779,"1981"
"O 公共行政及國防",156308,"1981"
"P 教育服務業",47536,"1981"
"Q 醫療保健及社會工作服務業",13011,"1981"
"QA.醫療保健服務業",12283,"1981"
"QB.社會工作服務業",728,"1981"
"R 藝術、娛樂及休閒服務業",8981,"1981"
"S 其他服務業",37189,"1981"
"SA.對家庭服務之非營利機構",3433,"1981"
"SB.家事服務業",8121,"1981"
"SC.未分類其他服務業",25635,"1981"
"合 計",1734579,"1981"
"進口稅",76250,"1981"
"加值型營業稅",0,"1981"
"總 計(生產面)",1810829,"1981"
"統計差異",0,"1981"
"GDP",1810829,"1981"
"補充項目:ICT產業",73793,"1981"
"A 農、林、漁、牧業",149631,"1982"
"AA.農耕業",95376,"1982"
"AB.畜牧業",19943,"1982"
"AC.林業",7602,"1982"
"AD.漁業",26710,"1982"
"B 礦業及土石採取業",37296,"1982"
"C 製造業",634590,"1982"
"CA.食品製造業",47748,"1982"
"CB.飲料及菸草製造業",38564,"1982"
"CC.紡織業",62639,"1982"
"CD.成衣及服飾品製造業",46028,"1982"
"CE.皮革、毛皮及其製品製造業",28323,"1982"
"CF.木竹製品製造業",11053,"1982"
"CG.紙漿、紙及紙製品製造業",18112,"1982"
"CH.印刷及資料儲存媒體複製業",8137,"1982"
"CI.石油及煤製品製造業",25491,"1982"
"CJ.化學材料製造業",39241,"1982"
"CK.化學製品製造業",6816,"1982"
"CL.藥品製造業",2728,"1982"
"CM.橡膠製品製造業",6611,"1982"
"CN.塑膠製品製造業",21495,"1982"
"CO.非金屬礦物製品製造業",27443,"1982"
"CP.基本金屬製造業",29779,"1982"
"CQ.金屬製品製造業",27911,"1982"
"CR.電子零組件製造業",23204,"1982"
"CS.電腦、電子產品及光學製品製造業",24548,"1982"
"CT.電力設備製造業",25858,"1982"
"CU.機械設備製造業",17210,"1982"
"CV.汽車及其零件製造業",20808,"1982"
"CW.其他運輸工具製造業",22815,"1982"
"CX.家具製造業",7815,"1982"
"CY.其他製造業",44213,"1982"
"D 電力及燃氣供應業",57802,"1982"
"DA.電力供應業",56381,"1982"
"DB.氣體燃料供應業",1421,"1982"
"E 用水供應及污染整治業",15372,"1982"
"EA.用水供應業",5179,"1982"
"EB.污染整治業",10193,"1982"
"F 營造業",93784,"1982"
"G 批發及零售業",245636,"1982"
"GA.批發業",119289,"1982"
"GB.零售業",126347,"1982"
"H 運輸及倉儲業",82338,"1982"
"HA.陸上運輸業",48079,"1982"
"HB.水上運輸業",5938,"1982"
"HC.航空運輸業",6287,"1982"
"HD.運輸輔助及倉儲業",18248,"1982"
"HE.郵政及快遞業",3786,"1982"
"I 住宿及餐飲業",18725,"1982"
"IA住宿服務業",5843,"1982"
"IB.餐飲業",12882,"1982"
"J 資訊及通訊傳播業",38505,"1982"
"JA.傳播業",8353,"1982"
"JB.電信業",29033,"1982"
"JC.資訊業",1119,"1982"
"K 金融及保險業",71098,"1982"
"KA.金融中介業",54370,"1982"
"KB.保險業",16306,"1982"
"KC.證券期貨及其他金融業",422,"1982"
"L 不動產業",99144,"1982"
"LA.不動產業",9531,"1982"
"LB.住宅服務",89613,"1982"
"M 專業、科學及技術服務業",20739,"1982"
"N 支援服務業",11352,"1982"
"NA.租賃業",8430,"1982"
"NB.其他支援服務業",2922,"1982"
"O 公共行政及國防",176597,"1982"
"P 教育服務業",53045,"1982"
"Q 醫療保健及社會工作服務業",16958,"1982"
"QA.醫療保健服務業",16058,"1982"
"QB.社會工作服務業",900,"1982"
"R 藝術、娛樂及休閒服務業",10099,"1982"
"S 其他服務業",43642,"1982"
"SA.對家庭服務之非營利機構",4011,"1982"
"SB.家事服務業",9793,"1982"
"SC.未分類其他服務業",29838,"1982"
"合 計",1876353,"1982"
"進口稅",72368,"1982"
"加值型營業稅",0,"1982"
"總 計(生產面)",1948721,"1982"
"統計差異",-7552,"1982"
"GDP",1941169,"1982"
"補充項目:ICT產業",77904,"1982"
"A 農、林、漁、牧業",156826,"1983"
"AA.農耕業",98505,"1983"
"AB.畜牧業",19926,"1983"
"AC.林業",8643,"1983"
"AD.漁業",29752,"1983"
"B 礦業及土石採取業",37458,"1983"
"C 製造業",729161,"1983"
"CA.食品製造業",54158,"1983"
"CB.飲料及菸草製造業",46109,"1983"
"CC.紡織業",64758,"1983"
"CD.成衣及服飾品製造業",47653,"1983"
"CE.皮革、毛皮及其製品製造業",33944,"1983"
"CF.木竹製品製造業",12576,"1983"
"CG.紙漿、紙及紙製品製造業",19146,"1983"
"CH.印刷及資料儲存媒體複製業",8594,"1983"
"CI.石油及煤製品製造業",32752,"1983"
"CJ.化學材料製造業",45539,"1983"
"CK.化學製品製造業",7361,"1983"
"CL.藥品製造業",2967,"1983"
"CM.橡膠製品製造業",8219,"1983"
"CN.塑膠製品製造業",23110,"1983"
"CO.非金屬礦物製品製造業",32349,"1983"
"CP.基本金屬製造業",35223,"1983"
"CQ.金屬製品製造業",34813,"1983"
"CR.電子零組件製造業",29680,"1983"
"CS.電腦、電子產品及光學製品製造業",31454,"1983"
"CT.電力設備製造業",29937,"1983"
"CU.機械設備製造業",20533,"1983"
"CV.汽車及其零件製造業",23157,"1983"
"CW.其他運輸工具製造業",25582,"1983"
"CX.家具製造業",8944,"1983"
"CY.其他製造業",50603,"1983"
"D 電力及燃氣供應業",71180,"1983"
"DA.電力供應業",69407,"1983"
"DB.氣體燃料供應業",1773,"1983"
"E 用水供應及污染整治業",16755,"1983"
"EA.用水供應業",5897,"1983"
"EB.污染整治業",10858,"1983"
"F 營造業",96133,"1983"
"G 批發及零售業",264876,"1983"
"GA.批發業",127801,"1983"
"GB.零售業",137075,"1983"
"H 運輸及倉儲業",91708,"1983"
"HA.陸上運輸業",53239,"1983"
"HB.水上運輸業",8011,"1983"
"HC.航空運輸業",6055,"1983"
"HD.運輸輔助及倉儲業",20124,"1983"
"HE.郵政及快遞業",4279,"1983"
"I 住宿及餐飲業",23190,"1983"
"IA住宿服務業",6528,"1983"
"IB.餐飲業",16662,"1983"
"J 資訊及通訊傳播業",43411,"1983"
"JA.傳播業",9054,"1983"
"JB.電信業",32759,"1983"
"JC.資訊業",1598,"1983"
"K 金融及保險業",70052,"1983"
"KA.金融中介業",50810,"1983"
"KB.保險業",18035,"1983"
"KC.證券期貨及其他金融業",1207,"1983"
"L 不動產業",114918,"1983"
"LA.不動產業",11948,"1983"
"LB.住宅服務",102970,"1983"
"M 專業、科學及技術服務業",24003,"1983"
"N 支援服務業",11926,"1983"
"NA.租賃業",8561,"1983"
"NB.其他支援服務業",3365,"1983"
"O 公共行政及國防",188064,"1983"
"P 教育服務業",57870,"1983"
"Q 醫療保健及社會工作服務業",19745,"1983"
"QA.醫療保健服務業",18679,"1983"
"QB.社會工作服務業",1066,"1983"
"R 藝術、娛樂及休閒服務業",11074,"1983"
"S 其他服務業",48503,"1983"
"SA.對家庭服務之非營利機構",4316,"1983"
"SB.家事服務業",11287,"1983"
"SC.未分類其他服務業",32900,"1983"
"合 計",2076853,"1983"
"進口稅",83648,"1983"
"加值型營業稅",0,"1983"
"總 計(生產面)",2160501,"1983"
"統計差異",7642,"1983"
"GDP",2168143,"1983"
"補充項目:ICT產業",95491,"1983"
"A 農、林、漁、牧業",150818,"1984"
"AA.農耕業",98146,"1984"
"AB.畜牧業",14326,"1984"
"AC.林業",6617,"1984"
"AD.漁業",31729,"1984"
"B 礦業及土石採取業",35515,"1984"
"C 製造業",850899,"1984"
"CA.食品製造業",58447,"1984"
"CB.飲料及菸草製造業",49363,"1984"
"CC.紡織業",77576,"1984"
"CD.成衣及服飾品製造業",54641,"1984"
"CE.皮革、毛皮及其製品製造業",41976,"1984"
"CF.木竹製品製造業",14052,"1984"
"CG.紙漿、紙及紙製品製造業",23496,"1984"
"CH.印刷及資料儲存媒體複製業",10248,"1984"
"CI.石油及煤製品製造業",35554,"1984"
"CJ.化學材料製造業",59192,"1984"
"CK.化學製品製造業",8716,"1984"
"CL.藥品製造業",3504,"1984"
"CM.橡膠製品製造業",8442,"1984"
"CN.塑膠製品製造業",28223,"1984"
"CO.非金屬礦物製品製造業",32882,"1984"
"CP.基本金屬製造業",42285,"1984"
"CQ.金屬製品製造業",43001,"1984"
"CR.電子零組件製造業",39187,"1984"
"CS.電腦、電子產品及光學製品製造業",40803,"1984"
"CT.電力設備製造業",38135,"1984"
"CU.機械設備製造業",21602,"1984"
"CV.汽車及其零件製造業",24539,"1984"
"CW.其他運輸工具製造業",27056,"1984"
"CX.家具製造業",10059,"1984"
"CY.其他製造業",57920,"1984"
"D 電力及燃氣供應業",81243,"1984"
"DA.電力供應業",79097,"1984"
"DB.氣體燃料供應業",2146,"1984"
"E 用水供應及污染整治業",17937,"1984"
"EA.用水供應業",6348,"1984"
"EB.污染整治業",11589,"1984"
"F 營造業",98412,"1984"
"G 批發及零售業",295177,"1984"
"GA.批發業",140081,"1984"
"GB.零售業",155096,"1984"
"H 運輸及倉儲業",108012,"1984"
"HA.陸上運輸業",61170,"1984"
"HB.水上運輸業",11768,"1984"
"HC.航空運輸業",8417,"1984"
"HD.運輸輔助及倉儲業",22417,"1984"
"HE.郵政及快遞業",4240,"1984"
"I 住宿及餐飲業",28391,"1984"
"IA住宿服務業",7587,"1984"
"IB.餐飲業",20804,"1984"
"J 資訊及通訊傳播業",48530,"1984"
"JA.傳播業",10406,"1984"
"JB.電信業",35994,"1984"
"JC.資訊業",2130,"1984"
"K 金融及保險業",81186,"1984"
"KA.金融中介業",58140,"1984"
"KB.保險業",20984,"1984"
"KC.證券期貨及其他金融業",2062,"1984"
"L 不動產業",122499,"1984"
"LA.不動產業",12162,"1984"
"LB.住宅服務",110337,"1984"
"M 專業、科學及技術服務業",26756,"1984"
"N 支援服務業",13209,"1984"
"NA.租賃業",9212,"1984"
"NB.其他支援服務業",3997,"1984"
"O 公共行政及國防",204396,"1984"
"P 教育服務業",63365,"1984"
"Q 醫療保健及社會工作服務業",22753,"1984"
"QA.醫療保健服務業",21530,"1984"
"QB.社會工作服務業",1223,"1984"
"R 藝術、娛樂及休閒服務業",12231,"1984"
"S 其他服務業",52618,"1984"
"SA.對家庭服務之非營利機構",4770,"1984"
"SB.家事服務業",12978,"1984"
"SC.未分類其他服務業",34870,"1984"
"合 計",2313947,"1984"
"進口稅",91685,"1984"
"加值型營業稅",0,"1984"
"總 計(生產面)",2405632,"1984"
"統計差異",8745,"1984"
"GDP",2414377,"1984"
"補充項目:ICT產業",118114,"1984"
"A 農、林、漁、牧業",144594,"1985"
"AA.農耕業",95565,"1985"
"AB.畜牧業",9992,"1985"
"AC.林業",5950,"1985"
"AD.漁業",33087,"1985"
"B 礦業及土石採取業",33841,"1985"
"C 製造業",880978,"1985"
"CA.食品製造業",61975,"1985"
"CB.飲料及菸草製造業",51833,"1985"
"CC.紡織業",82026,"1985"
"CD.成衣及服飾品製造業",53106,"1985"
"CE.皮革、毛皮及其製品製造業",45605,"1985"
"CF.木竹製品製造業",15117,"1985"
"CG.紙漿、紙及紙製品製造業",24698,"1985"
"CH.印刷及資料儲存媒體複製業",10162,"1985"
"CI.石油及煤製品製造業",32600,"1985"
"CJ.化學材料製造業",64600,"1985"
"CK.化學製品製造業",9940,"1985"
"CL.藥品製造業",3976,"1985"
"CM.橡膠製品製造業",10151,"1985"
"CN.塑膠製品製造業",34902,"1985"
"CO.非金屬礦物製品製造業",33651,"1985"
"CP.基本金屬製造業",40737,"1985"
"CQ.金屬製品製造業",46509,"1985"
"CR.電子零組件製造業",36950,"1985"
"CS.電腦、電子產品及光學製品製造業",40999,"1985"
"CT.電力設備製造業",40089,"1985"
"CU.機械設備製造業",23598,"1985"
"CV.汽車及其零件製造業",23268,"1985"
"CW.其他運輸工具製造業",25711,"1985"
"CX.家具製造業",10149,"1985"
"CY.其他製造業",58626,"1985"
"D 電力及燃氣供應業",92069,"1985"
"DA.電力供應業",89616,"1985"
"DB.氣體燃料供應業",2453,"1985"
"E 用水供應及污染整治業",18613,"1985"
"EA.用水供應業",6678,"1985"
"EB.污染整治業",11935,"1985"
"F 營造業",99192,"1985"
"G 批發及零售業",309167,"1985"
"GA.批發業",139157,"1985"
"GB.零售業",170010,"1985"
"H 運輸及倉儲業",117282,"1985"
"HA.陸上運輸業",65187,"1985"
"HB.水上運輸業",15593,"1985"
"HC.航空運輸業",9064,"1985"
"HD.運輸輔助及倉儲業",22909,"1985"
"HE.郵政及快遞業",4529,"1985"
"I 住宿及餐飲業",34628,"1985"
"IA住宿服務業",11872,"1985"
"IB.餐飲業",22756,"1985"
"J 資訊及通訊傳播業",51784,"1985"
"JA.傳播業",10776,"1985"
"JB.電信業",38316,"1985"
"JC.資訊業",2692,"1985"
"K 金融及保險業",100678,"1985"
"KA.金融中介業",75082,"1985"
"KB.保險業",24188,"1985"
"KC.證券期貨及其他金融業",1408,"1985"
"L 不動產業",133354,"1985"
"LA.不動產業",11793,"1985"
"LB.住宅服務",121561,"1985"
"M 專業、科學及技術服務業",29053,"1985"
"N 支援服務業",13914,"1985"
"NA.租賃業",9266,"1985"
"NB.其他支援服務業",4648,"1985"
"O 公共行政及國防",218098,"1985"
"P 教育服務業",68089,"1985"
"Q 醫療保健及社會工作服務業",25742,"1985"
"QA.醫療保健服務業",24208,"1985"
"QB.社會工作服務業",1534,"1985"
"R 藝術、娛樂及休閒服務業",13183,"1985"
"S 其他服務業",57581,"1985"
"SA.對家庭服務之非營利機構",5419,"1985"
"SB.家事服務業",14518,"1985"
"SC.未分類其他服務業",37644,"1985"
"合 計",2441840,"1985"
"進口稅",81783,"1985"
"加值型營業稅",0,"1985"
"總 計(生產面)",2523623,"1985"
"統計差異",-6494,"1985"
"GDP",2517129,"1985"
"補充項目:ICT產業",118957,"1985"
"A 農、林、漁、牧業",159743,"1986"
"AA.農耕業",97047,"1986"
"AB.畜牧業",19822,"1986"
"AC.林業",6300,"1986"
"AD.漁業",36574,"1986"
"B 礦業及土石採取業",29831,"1986"
"C 製造業",1103413,"1986"
"CA.食品製造業",67981,"1986"
"CB.飲料及菸草製造業",55058,"1986"
"CC.紡織業",100341,"1986"
"CD.成衣及服飾品製造業",61621,"1986"
"CE.皮革、毛皮及其製品製造業",52192,"1986"
"CF.木竹製品製造業",20755,"1986"
"CG.紙漿、紙及紙製品製造業",31644,"1986"
"CH.印刷及資料儲存媒體複製業",13110,"1986"
"CI.石油及煤製品製造業",57060,"1986"
"CJ.化學材料製造業",79651,"1986"
"CK.化學製品製造業",13611,"1986"
"CL.藥品製造業",5382,"1986"
"CM.橡膠製品製造業",10859,"1986"
"CN.塑膠製品製造業",52861,"1986"
"CO.非金屬礦物製品製造業",37808,"1986"
"CP.基本金屬製造業",49371,"1986"
"CQ.金屬製品製造業",60410,"1986"
"CR.電子零組件製造業",52548,"1986"
"CS.電腦、電子產品及光學製品製造業",53172,"1986"
"CT.電力設備製造業",49445,"1986"
"CU.機械設備製造業",29632,"1986"
"CV.汽車及其零件製造業",29183,"1986"
"CW.其他運輸工具製造業",32395,"1986"
"CX.家具製造業",14212,"1986"
"CY.其他製造業",73111,"1986"
"D 電力及燃氣供應業",92018,"1986"
"DA.電力供應業",89242,"1986"
"DB.氣體燃料供應業",2776,"1986"
"E 用水供應及污染整治業",19565,"1986"
"EA.用水供應業",6850,"1986"
"EB.污染整治業",12715,"1986"
"F 營造業",104369,"1986"
"G 批發及零售業",352255,"1986"
"GA.批發業",160152,"1986"
"GB.零售業",192103,"1986"
"H 運輸及倉儲業",130462,"1986"
"HA.陸上運輸業",70119,"1986"
"HB.水上運輸業",16538,"1986"
"HC.航空運輸業",13289,"1986"
"HD.運輸輔助及倉儲業",25493,"1986"
"HE.郵政及快遞業",5023,"1986"
"I 住宿及餐飲業",40265,"1986"
"IA住宿服務業",13700,"1986"
"IB.餐飲業",26565,"1986"
"J 資訊及通訊傳播業",58586,"1986"
"JA.傳播業",12215,"1986"
"JB.電信業",43004,"1986"
"JC.資訊業",3367,"1986"
"K 金融及保險業",113203,"1986"
"KA.金融中介業",85061,"1986"
"KB.保險業",25127,"1986"
"KC.證券期貨及其他金融業",3015,"1986"
"L 不動產業",151971,"1986"
"LA.不動產業",14077,"1986"
"LB.住宅服務",137894,"1986"
"M 專業、科學及技術服務業",31759,"1986"
"N 支援服務業",14192,"1986"
"NA.租賃業",8812,"1986"
"NB.其他支援服務業",5380,"1986"
"O 公共行政及國防",229837,"1986"
"P 教育服務業",74271,"1986"
"Q 醫療保健及社會工作服務業",30091,"1986"
"QA.醫療保健服務業",28125,"1986"
"QB.社會工作服務業",1966,"1986"
"R 藝術、娛樂及休閒服務業",14439,"1986"
"S 其他服務業",65598,"1986"
"SA.對家庭服務之非營利機構",8007,"1986"
"SB.家事服務業",16265,"1986"
"SC.未分類其他服務業",41326,"1986"
"合 計",2815868,"1986"
"進口稅",92387,"1986"
"加值型營業稅",35742,"1986"
"總 計(生產面)",2943997,"1986"
"統計差異",0,"1986"
"GDP",2943997,"1986"
"補充項目:ICT產業",152091,"1986"
"A 農、林、漁、牧業",173485,"1987"
"AA.農耕業",102509,"1987"
"AB.畜牧業",19766,"1987"
"AC.林業",7162,"1987"
"AD.漁業",44048,"1987"
"B 礦業及土石採取業",32429,"1987"
"C 製造業",1204258,"1987"
"CA.食品製造業",73432,"1987"
"CB.飲料及菸草製造業",61274,"1987"
"CC.紡織業",106197,"1987"
"CD.成衣及服飾品製造業",58333,"1987"
"CE.皮革、毛皮及其製品製造業",51676,"1987"
"CF.木竹製品製造業",23665,"1987"
"CG.紙漿、紙及紙製品製造業",33624,"1987"
"CH.印刷及資料儲存媒體複製業",13975,"1987"
"CI.石油及煤製品製造業",67249,"1987"
"CJ.化學材料製造業",88216,"1987"
"CK.化學製品製造業",15429,"1987"
"CL.藥品製造業",6093,"1987"
"CM.橡膠製品製造業",11736,"1987"
"CN.塑膠製品製造業",57922,"1987"
"CO.非金屬礦物製品製造業",41910,"1987"
"CP.基本金屬製造業",53217,"1987"
"CQ.金屬製品製造業",66709,"1987"
"CR.電子零組件製造業",55986,"1987"
"CS.電腦、電子產品及光學製品製造業",62474,"1987"
"CT.電力設備製造業",55799,"1987"
"CU.機械設備製造業",35484,"1987"
"CV.汽車及其零件製造業",36254,"1987"
"CW.其他運輸工具製造業",36177,"1987"
"CX.家具製造業",16499,"1987"
"CY.其他製造業",74928,"1987"
"D 電力及燃氣供應業",102313,"1987"
"DA.電力供應業",99390,"1987"
"DB.氣體燃料供應業",2923,"1987"
"E 用水供應及污染整治業",22198,"1987"
"EA.用水供應業",7586,"1987"
"EB.污染整治業",14612,"1987"
"F 營造業",122009,"1987"
"G 批發及零售業",389815,"1987"
"GA.批發業",181979,"1987"
"GB.零售業",207836,"1987"
"H 運輸及倉儲業",146113,"1987"
"HA.陸上運輸業",75797,"1987"
"HB.水上運輸業",16136,"1987"
"HC.航空運輸業",16523,"1987"
"HD.運輸輔助及倉儲業",31825,"1987"
"HE.郵政及快遞業",5832,"1987"
"I 住宿及餐飲業",46802,"1987"
"IA住宿服務業",15004,"1987"
"IB.餐飲業",31798,"1987"
"J 資訊及通訊傳播業",66892,"1987"
"JA.傳播業",14239,"1987"
"JB.電信業",48723,"1987"
"JC.資訊業",3930,"1987"
"K 金融及保險業",148477,"1987"
"KA.金融中介業",109049,"1987"
"KB.保險業",31741,"1987"
"KC.證券期貨及其他金融業",7687,"1987"
"L 不動產業",179233,"1987"
"LA.不動產業",18328,"1987"
"LB.住宅服務",160905,"1987"
"M 專業、科學及技術服務業",33856,"1987"
"N 支援服務業",14928,"1987"
"NA.租賃業",8792,"1987"
"NB.其他支援服務業",6136,"1987"
"O 公共行政及國防",245581,"1987"
"P 教育服務業",83791,"1987"
"Q 醫療保健及社會工作服務業",39018,"1987"
"QA.醫療保健服務業",36628,"1987"
"QB.社會工作服務業",2390,"1987"
"R 藝術、娛樂及休閒服務業",17234,"1987"
"S 其他服務業",71244,"1987"
"SA.對家庭服務之非營利機構",8111,"1987"
"SB.家事服務業",17453,"1987"
"SC.未分類其他服務業",45680,"1987"
"合 計",3139676,"1987"
"進口稅",101903,"1987"
"加值型營業稅",51824,"1987"
"總 計(生產面)",3293403,"1987"
"統計差異",-1546,"1987"
"GDP",3291857,"1987"
"補充項目:ICT產業",171113,"1987"
"A 農、林、漁、牧業",178842,"1988"
"AA.農耕業",108183,"1988"
"AB.畜牧業",19047,"1988"
"AC.林業",7533,"1988"
"AD.漁業",44079,"1988"
"B 礦業及土石採取業",33441,"1988"
"C 製造業",1238579,"1988"
"CA.食品製造業",71399,"1988"
"CB.飲料及菸草製造業",59793,"1988"
"CC.紡織業",94065,"1988"
"CD.成衣及服飾品製造業",50851,"1988"
"CE.皮革、毛皮及其製品製造業",50317,"1988"
"CF.木竹製品製造業",21217,"1988"
"CG.紙漿、紙及紙製品製造業",34194,"1988"
"CH.印刷及資料儲存媒體複製業",16553,"1988"
"CI.石油及煤製品製造業",70593,"1988"
"CJ.化學材料製造業",93861,"1988"
"CK.化學製品製造業",16808,"1988"
"CL.藥品製造業",6607,"1988"
"CM.橡膠製品製造業",12596,"1988"
"CN.塑膠製品製造業",57986,"1988"
"CO.非金屬礦物製品製造業",47249,"1988"
"CP.基本金屬製造業",66044,"1988"
"CQ.金屬製品製造業",72587,"1988"
"CR.電子零組件製造業",62177,"1988"
"CS.電腦、電子產品及光學製品製造業",64778,"1988"
"CT.電力設備製造業",59387,"1988"
"CU.機械設備製造業",41052,"1988"
"CV.汽車及其零件製造業",40873,"1988"
"CW.其他運輸工具製造業",37472,"1988"
"CX.家具製造業",17047,"1988"
"CY.其他製造業",73073,"1988"
"D 電力及燃氣供應業",96702,"1988"
"DA.電力供應業",93810,"1988"
"DB.氣體燃料供應業",2892,"1988"
"E 用水供應及污染整治業",25485,"1988"
"EA.用水供應業",8828,"1988"
"EB.污染整治業",16657,"1988"
"F 營造業",142878,"1988"
"G 批發及零售業",434322,"1988"
"GA.批發業",209407,"1988"
"GB.零售業",224915,"1988"
"H 運輸及倉儲業",164986,"1988"
"HA.陸上運輸業",82360,"1988"
"HB.水上運輸業",19968,"1988"
"HC.航空運輸業",19231,"1988"
"HD.運輸輔助及倉儲業",35971,"1988"
"HE.郵政及快遞業",7456,"1988"
"I 住宿及餐飲業",50559,"1988"
"IA住宿服務業",15962,"1988"
"IB.餐飲業",34597,"1988"
"J 資訊及通訊傳播業",72094,"1988"
"JA.傳播業",16909,"1988"
"JB.電信業",50564,"1988"
"JC.資訊業",4621,"1988"
"K 金融及保險業",192221,"1988"
"KA.金融中介業",134424,"1988"
"KB.保險業",38591,"1988"
"KC.證券期貨及其他金融業",19206,"1988"
"L 不動產業",208426,"1988"
"LA.不動產業",22535,"1988"
"LB.住宅服務",185891,"1988"
"M 專業、科學及技術服務業",36565,"1988"
"N 支援服務業",15358,"1988"
"NA.租賃業",8537,"1988"
"NB.其他支援服務業",6821,"1988"
"O 公共行政及國防",284547,"1988"
"P 教育服務業",95058,"1988"
"Q 醫療保健及社會工作服務業",45476,"1988"
"QA.醫療保健服務業",42871,"1988"
"QB.社會工作服務業",2605,"1988"
"R 藝術、娛樂及休閒服務業",21031,"1988"
"S 其他服務業",78145,"1988"
"SA.對家庭服務之非營利機構",9046,"1988"
"SB.家事服務業",19037,"1988"
"SC.未分類其他服務業",50062,"1988"
"合 計",3414715,"1988"
"進口稅",109711,"1988"
"加值型營業稅",58718,"1988"
"總 計(生產面)",3583144,"1988"
"統計差異",-94594,"1988"
"GDP",3488550,"1988"
"補充項目:ICT產業",182140,"1988"
"A 農、林、漁、牧業",193411,"1989"
"AA.農耕業",112524,"1989"
"AB.畜牧業",31124,"1989"
"AC.林業",4313,"1989"
"AD.漁業",45450,"1989"
"B 礦業及土石採取業",32243,"1989"
"C 製造業",1291000,"1989"
"CA.食品製造業",68128,"1989"
"CB.飲料及菸草製造業",62899,"1989"
"CC.紡織業",94635,"1989"
"CD.成衣及服飾品製造業",50608,"1989"
"CE.皮革、毛皮及其製品製造業",43970,"1989"
"CF.木竹製品製造業",19977,"1989"
"CG.紙漿、紙及紙製品製造業",36256,"1989"
"CH.印刷及資料儲存媒體複製業",19024,"1989"
"CI.石油及煤製品製造業",65180,"1989"
"CJ.化學材料製造業",89666,"1989"
"CK.化學製品製造業",17447,"1989"
"CL.藥品製造業",6843,"1989"
"CM.橡膠製品製造業",13549,"1989"
"CN.塑膠製品製造業",67183,"1989"
"CO.非金屬礦物製品製造業",55112,"1989"
"CP.基本金屬製造業",75758,"1989"
"CQ.金屬製品製造業",79554,"1989"
"CR.電子零組件製造業",67545,"1989"
"CS.電腦、電子產品及光學製品製造業",69802,"1989"
"CT.電力設備製造業",66048,"1989"
"CU.機械設備製造業",43358,"1989"
"CV.汽車及其零件製造業",50232,"1989"
"CW.其他運輸工具製造業",41732,"1989"
"CX.家具製造業",18521,"1989"
"CY.其他製造業",67973,"1989"
"D 電力及燃氣供應業",103041,"1989"
"DA.電力供應業",99650,"1989"
"DB.氣體燃料供應業",3391,"1989"
"E 用水供應及污染整治業",27360,"1989"
"EA.用水供應業",8937,"1989"
"EB.污染整治業",18423,"1989"
"F 營造業",170641,"1989"
"G 批發及零售業",488093,"1989"
"GA.批發業",234373,"1989"
"GB.零售業",253720,"1989"
"H 運輸及倉儲業",182086,"1989"
"HA.陸上運輸業",87784,"1989"
"HB.水上運輸業",21887,"1989"
"HC.航空運輸業",21847,"1989"
"HD.運輸輔助及倉儲業",41259,"1989"
"HE.郵政及快遞業",9309,"1989"
"I 住宿及餐飲業",61323,"1989"
"IA住宿服務業",17005,"1989"
"IB.餐飲業",44318,"1989"
"J 資訊及通訊傳播業",85404,"1989"
"JA.傳播業",20590,"1989"
"JB.電信業",58048,"1989"
"JC.資訊業",6766,"1989"
"K 金融及保險業",284036,"1989"
"KA.金融中介業",166935,"1989"
"KB.保險業",49692,"1989"
"KC.證券期貨及其他金融業",67409,"1989"
"L 不動產業",236495,"1989"
"LA.不動產業",27990,"1989"
"LB.住宅服務",208505,"1989"
"M 專業、科學及技術服務業",46418,"1989"
"N 支援服務業",17955,"1989"
"NA.租賃業",9037,"1989"
"NB.其他支援服務業",8918,"1989"
"O 公共行政及國防",330200,"1989"
"P 教育服務業",108355,"1989"
"Q 醫療保健及社會工作服務業",56070,"1989"
"QA.醫療保健服務業",53107,"1989"
"QB.社會工作服務業",2963,"1989"
"R 藝術、娛樂及休閒服務業",24612,"1989"
"S 其他服務業",90348,"1989"
"SA.對家庭服務之非營利機構",12436,"1989"
"SB.家事服務業",22471,"1989"
"SC.未分類其他服務業",55441,"1989"
"合 計",3829091,"1989"
"進口稅",121688,"1989"
"加值型營業稅",71056,"1989"
"總 計(生產面)",4021835,"1989"
"統計差異",-18608,"1989"
"GDP",4003227,"1989"
"補充項目:ICT產業",202161,"1989"
"A 農、林、漁、牧業",179499,"1990"
"AA.農耕業",118657,"1990"
"AB.畜牧業",11986,"1990"
"AC.林業",2522,"1990"
"AD.漁業",46334,"1990"
"B 礦業及土石採取業",28732,"1990"
"C 製造業",1362539,"1990"
"CA.食品製造業",74148,"1990"
"CB.飲料及菸草製造業",66810,"1990"
"CC.紡織業",96436,"1990"
"CD.成衣及服飾品製造業",53462,"1990"
"CE.皮革、毛皮及其製品製造業",39660,"1990"
"CF.木竹製品製造業",17287,"1990"
"CG.紙漿、紙及紙製品製造業",34419,"1990"
"CH.印刷及資料儲存媒體複製業",20197,"1990"
"CI.石油及煤製品製造業",48481,"1990"
"CJ.化學材料製造業",91564,"1990"
"CK.化學製品製造業",20125,"1990"
"CL.藥品製造業",7869,"1990"
"CM.橡膠製品製造業",15232,"1990"
"CN.塑膠製品製造業",73599,"1990"
"CO.非金屬礦物製品製造業",60626,"1990"
"CP.基本金屬製造業",78735,"1990"
"CQ.金屬製品製造業",90515,"1990"
"CR.電子零組件製造業",82641,"1990"
"CS.電腦、電子產品及光學製品製造業",81635,"1990"
"CT.電力設備製造業",66972,"1990"
"CU.機械設備製造業",54237,"1990"
"CV.汽車及其零件製造業",58436,"1990"
"CW.其他運輸工具製造業",44148,"1990"
"CX.家具製造業",18470,"1990"
"CY.其他製造業",66835,"1990"
"D 電力及燃氣供應業",109714,"1990"
"DA.電力供應業",106392,"1990"
"DB.氣體燃料供應業",3322,"1990"
"E 用水供應及污染整治業",29308,"1990"
"EA.用水供應業",9337,"1990"
"EB.污染整治業",19971,"1990"
"F 營造業",195286,"1990"
"G 批發及零售業",569417,"1990"
"GA.批發業",275052,"1990"
"GB.零售業",294365,"1990"
"H 運輸及倉儲業",195136,"1990"
"HA.陸上運輸業",90391,"1990"
"HB.水上運輸業",24031,"1990"
"HC.航空運輸業",25588,"1990"
"HD.運輸輔助及倉儲業",46372,"1990"
"HE.郵政及快遞業",8754,"1990"
"I 住宿及餐飲業",70970,"1990"
"IA住宿服務業",17704,"1990"
"IB.餐飲業",53266,"1990"
"J 資訊及通訊傳播業",97223,"1990"
"JA.傳播業",24102,"1990"
"JB.電信業",64197,"1990"
"JC.資訊業",8924,"1990"
"K 金融及保險業",329305,"1990"
"KA.金融中介業",215644,"1990"
"KB.保險業",58911,"1990"
"KC.證券期貨及其他金融業",54750,"1990"
"L 不動產業",271923,"1990"
"LA.不動產業",33477,"1990"
"LB.住宅服務",238446,"1990"
"M 專業、科學及技術服務業",55775,"1990"
"N 支援服務業",20935,"1990"
"NA.租賃業",9891,"1990"
"NB.其他支援服務業",11044,"1990"
"O 公共行政及國防",393609,"1990"
"P 教育服務業",129622,"1990"
"Q 醫療保健及社會工作服務業",67851,"1990"
"QA.醫療保健服務業",64272,"1990"
"QB.社會工作服務業",3579,"1990"
"R 藝術、娛樂及休閒服務業",29425,"1990"
"S 其他服務業",100806,"1990"
"SA.對家庭服務之非營利機構",13286,"1990"
"SB.家事服務業",25729,"1990"
"SC.未分類其他服務業",61791,"1990"
"合 計",4237075,"1990"
"進口稅",114455,"1990"
"加值型營業稅",81371,"1990"
"總 計(生產面)",4432901,"1990"
"統計差異",-2846,"1990"
"GDP",4430055,"1990"
"補充項目:ICT產業",237397,"1990"
"A 農、林、漁、牧業",182491,"1991"
"AA.農耕業",124855,"1991"
"AB.畜牧業",13527,"1991"
"AC.林業",2184,"1991"
"AD.漁業",41925,"1991"
"B 礦業及土石採取業",37656,"1991"
"C 製造業",1508512,"1991"
"CA.食品製造業",72391,"1991"
"CB.飲料及菸草製造業",70047,"1991"
"CC.紡織業",107578,"1991"
"CD.成衣及服飾品製造業",49447,"1991"
"CE.皮革、毛皮及其製品製造業",42229,"1991"
"CF.木竹製品製造業",18172,"1991"
"CG.紙漿、紙及紙製品製造業",35280,"1991"
"CH.印刷及資料儲存媒體複製業",21546,"1991"
"CI.石油及煤製品製造業",101117,"1991"
"CJ.化學材料製造業",100331,"1991"
"CK.化學製品製造業",22895,"1991"
"CL.藥品製造業",8966,"1991"
"CM.橡膠製品製造業",15874,"1991"
"CN.塑膠製品製造業",80119,"1991"
"CO.非金屬礦物製品製造業",64693,"1991"
"CP.基本金屬製造業",84713,"1991"
"CQ.金屬製品製造業",101035,"1991"
"CR.電子零組件製造業",88909,"1991"
"CS.電腦、電子產品及光學製品製造業",88004,"1991"
"CT.電力設備製造業",76382,"1991"
"CU.機械設備製造業",61132,"1991"
"CV.汽車及其零件製造業",66830,"1991"
"CW.其他運輸工具製造業",45904,"1991"
"CX.家具製造業",20102,"1991"
"CY.其他製造業",64816,"1991"
"D 電力及燃氣供應業",113622,"1991"
"DA.電力供應業",110390,"1991"
"DB.氣體燃料供應業",3232,"1991"
"E 用水供應及污染整治業",32990,"1991"
"EA.用水供應業",11214,"1991"
"EB.污染整治業",21776,"1991"
"F 營造業",214896,"1991"
"G 批發及零售業",647682,"1991"
"GA.批發業",317324,"1991"
"GB.零售業",330358,"1991"
"H 運輸及倉儲業",217779,"1991"
"HA.陸上運輸業",99517,"1991"
"HB.水上運輸業",25955,"1991"
"HC.航空運輸業",28014,"1991"
"HD.運輸輔助及倉儲業",51825,"1991"
"HE.郵政及快遞業",12468,"1991"
"I 住宿及餐飲業",80433,"1991"
"IA住宿服務業",19223,"1991"
"IB.餐飲業",61210,"1991"
"J 資訊及通訊傳播業",112544,"1991"
"JA.傳播業",28149,"1991"
"JB.電信業",72869,"1991"
"JC.資訊業",11526,"1991"
"K 金融及保險業",334249,"1991"
"KA.金融中介業",239601,"1991"
"KB.保險業",63403,"1991"
"KC.證券期貨及其他金融業",31245,"1991"
"L 不動產業",330943,"1991"
"LA.不動產業",41519,"1991"
"LB.住宅服務",289424,"1991"
"M 專業、科學及技術服務業",65933,"1991"
"N 支援服務業",25040,"1991"
"NA.租賃業",10814,"1991"
"NB.其他支援服務業",14226,"1991"
"O 公共行政及國防",450497,"1991"
"P 教育服務業",155438,"1991"
"Q 醫療保健及社會工作服務業",88152,"1991"
"QA.醫療保健服務業",83784,"1991"
"QB.社會工作服務業",4368,"1991"
"R 藝術、娛樂及休閒服務業",33321,"1991"
"S 其他服務業",113289,"1991"
"SA.對家庭服務之非營利機構",14470,"1991"
"SB.家事服務業",30316,"1991"
"SC.未分類其他服務業",68503,"1991"
"合 計",4745467,"1991"
"進口稅",116632,"1991"
"加值型營業稅",96121,"1991"
"總 計(生產面)",4958220,"1991"
"統計差異",0,"1991"
"GDP",4958220,"1991"
"補充項目:ICT產業",261308,"1991"
"A 農、林、漁、牧業",192893,"1992"
"AA.農耕業",125361,"1992"
"AB.畜牧業",21192,"1992"
"AC.林業",2738,"1992"
"AD.漁業",43602,"1992"
"B 礦業及土石採取業",48804,"1992"
"C 製造業",1569840,"1992"
"CA.食品製造業",79965,"1992"
"CB.飲料及菸草製造業",73550,"1992"
"CC.紡織業",113459,"1992"
"CD.成衣及服飾品製造業",44392,"1992"
"CE.皮革、毛皮及其製品製造業",35587,"1992"
"CF.木竹製品製造業",15878,"1992"
"CG.紙漿、紙及紙製品製造業",33860,"1992"
"CH.印刷及資料儲存媒體複製業",24032,"1992"
"CI.石油及煤製品製造業",91474,"1992"
"CJ.化學材料製造業",92995,"1992"
"CK.化學製品製造業",28237,"1992"
"CL.藥品製造業",10897,"1992"
"CM.橡膠製品製造業",17601,"1992"
"CN.塑膠製品製造業",86452,"1992"
"CO.非金屬礦物製品製造業",76252,"1992"
"CP.基本金屬製造業",83953,"1992"
"CQ.金屬製品製造業",116434,"1992"
"CR.電子零組件製造業",89383,"1992"
"CS.電腦、電子產品及光學製品製造業",93372,"1992"
"CT.電力設備製造業",77377,"1992"
"CU.機械設備製造業",72783,"1992"
"CV.汽車及其零件製造業",74303,"1992"
"CW.其他運輸工具製造業",51913,"1992"
"CX.家具製造業",20211,"1992"
"CY.其他製造業",65480,"1992"
"D 電力及燃氣供應業",127210,"1992"
"DA.電力供應業",123874,"1992"
"DB.氣體燃料供應業",3336,"1992"
"E 用水供應及污染整治業",35475,"1992"
"EA.用水供應業",13646,"1992"
"EB.污染整治業",21829,"1992"
"F 營造業",246730,"1992"
"G 批發及零售業",746429,"1992"
"GA.批發業",369251,"1992"
"GB.零售業",377178,"1992"
"H 運輸及倉儲業",238771,"1992"
"HA.陸上運輸業",107783,"1992"
"HB.水上運輸業",27233,"1992"
"HC.航空運輸業",28970,"1992"
"HD.運輸輔助及倉儲業",57654,"1992"
"HE.郵政及快遞業",17131,"1992"
"I 住宿及餐飲業",90733,"1992"
"IA住宿服務業",21122,"1992"
"IB.餐飲業",69611,"1992"
"J 資訊及通訊傳播業",132817,"1992"
"JA.傳播業",32123,"1992"
"JB.電信業",87068,"1992"
"JC.資訊業",13626,"1992"
"K 金融及保險業",400792,"1992"
"KA.金融中介業",298915,"1992"
"KB.保險業",82995,"1992"
"KC.證券期貨及其他金融業",18882,"1992"
"L 不動產業",392132,"1992"
"LA.不動產業",51947,"1992"
"LB.住宅服務",340185,"1992"
"M 專業、科學及技術服務業",77284,"1992"
"N 支援服務業",29096,"1992"
"NA.租賃業",12424,"1992"
"NB.其他支援服務業",16672,"1992"
"O 公共行政及國防",485568,"1992"
"P 教育服務業",180500,"1992"
"Q 醫療保健及社會工作服務業",102279,"1992"
"QA.醫療保健服務業",97122,"1992"
"QB.社會工作服務業",5157,"1992"
"R 藝術、娛樂及休閒服務業",39503,"1992"
"S 其他服務業",116883,"1992"
"SA.對家庭服務之非營利機構",16021,"1992"
"SB.家事服務業",25648,"1992"
"SC.未分類其他服務業",75214,"1992"
"合 計",5253739,"1992"
"進口稅",138628,"1992"
"加值型營業稅",116733,"1992"
"總 計(生產面)",5509100,"1992"
"統計差異",25444,"1992"
"GDP",5534544,"1992"
"補充項目:ICT產業",283449,"1992"
"A 農、林、漁、牧業",214249,"1993"
"AA.農耕業",134933,"1993"
"AB.畜牧業",26816,"1993"
"AC.林業",2324,"1993"
"AD.漁業",50176,"1993"
"B 礦業及土石採取業",63341,"1993"
"C 製造業",1664199,"1993"
"CA.食品製造業",80538,"1993"
"CB.飲料及菸草製造業",73459,"1993"
"CC.紡織業",111176,"1993"
"CD.成衣及服飾品製造業",48191,"1993"
"CE.皮革、毛皮及其製品製造業",31651,"1993"
"CF.木竹製品製造業",14856,"1993"
"CG.紙漿、紙及紙製品製造業",32242,"1993"
"CH.印刷及資料儲存媒體複製業",25278,"1993"
"CI.石油及煤製品製造業",99552,"1993"
"CJ.化學材料製造業",87746,"1993"
"CK.化學製品製造業",32678,"1993"
"CL.藥品製造業",12516,"1993"
"CM.橡膠製品製造業",20225,"1993"
"CN.塑膠製品製造業",96554,"1993"
"CO.非金屬礦物製品製造業",91855,"1993"
"CP.基本金屬製造業",97363,"1993"
"CQ.金屬製品製造業",126353,"1993"
"CR.電子零組件製造業",119503,"1993"
"CS.電腦、電子產品及光學製品製造業",94547,"1993"
"CT.電力設備製造業",79481,"1993"
"CU.機械設備製造業",77985,"1993"
"CV.汽車及其零件製造業",71343,"1993"
"CW.其他運輸工具製造業",51469,"1993"
"CX.家具製造業",20303,"1993"
"CY.其他製造業",67335,"1993"
"D 電力及燃氣供應業",137617,"1993"
"DA.電力供應業",134115,"1993"
"DB.氣體燃料供應業",3502,"1993"
"E 用水供應及污染整治業",38125,"1993"
"EA.用水供應業",16016,"1993"
"EB.污染整治業",22109,"1993"
"F 營造業",292299,"1993"
"G 批發及零售業",829542,"1993"
"GA.批發業",416439,"1993"
"GB.零售業",413103,"1993"
"H 運輸及倉儲業",260228,"1993"
"HA.陸上運輸業",118838,"1993"
"HB.水上運輸業",30724,"1993"
"HC.航空運輸業",29685,"1993"
"HD.運輸輔助及倉儲業",65191,"1993"
"HE.郵政及快遞業",15790,"1993"
"I 住宿及餐飲業",99781,"1993"
"IA住宿服務業",23399,"1993"
"IB.餐飲業",76382,"1993"
"J 資訊及通訊傳播業",153045,"1993"
"JA.傳播業",35891,"1993"
"JB.電信業",101550,"1993"
"JC.資訊業",15604,"1993"
"K 金融及保險業",451196,"1993"
"KA.金融中介業",328788,"1993"
"KB.保險業",85732,"1993"
"KC.證券期貨及其他金融業",36676,"1993"
"L 不動產業",481146,"1993"
"LA.不動產業",62292,"1993"
"LB.住宅服務",418854,"1993"
"M 專業、科學及技術服務業",88314,"1993"
"N 支援服務業",33534,"1993"
"NA.租賃業",14195,"1993"
"NB.其他支援服務業",19339,"1993"
"O 公共行政及國防",524224,"1993"
"P 教育服務業",206640,"1993"
"Q 醫療保健及社會工作服務業",114917,"1993"
"QA.醫療保健服務業",109023,"1993"
"QB.社會工作服務業",5894,"1993"
"R 藝術、娛樂及休閒服務業",45024,"1993"
"S 其他服務業",127455,"1993"
"SA.對家庭服務之非營利機構",17221,"1993"
"SB.家事服務業",29862,"1993"
"SC.未分類其他服務業",80372,"1993"
"合 計",5824876,"1993"
"進口稅",152468,"1993"
"加值型營業稅",136853,"1993"
"總 計(生產面)",6114197,"1993"
"統計差異",-4096,"1993"
"GDP",6110101,"1993"
"補充項目:ICT產業",331204,"1993"
"A 農、林、漁、牧業",225762,"1994"
"AA.農耕業",142202,"1994"
"AB.畜牧業",30551,"1994"
"AC.林業",2276,"1994"
"AD.漁業",50733,"1994"
"B 礦業及土石採取業",51715,"1994"
"C 製造業",1731258,"1994"
"CA.食品製造業",83707,"1994"
"CB.飲料及菸草製造業",74157,"1994"
"CC.紡織業",103955,"1994"
"CD.成衣及服飾品製造業",35760,"1994"
"CE.皮革、毛皮及其製品製造業",27433,"1994"
"CF.木竹製品製造業",12062,"1994"
"CG.紙漿、紙及紙製品製造業",37925,"1994"
"CH.印刷及資料儲存媒體複製業",23895,"1994"
"CI.石油及煤製品製造業",106690,"1994"
"CJ.化學材料製造業",115549,"1994"
"CK.化學製品製造業",34025,"1994"
"CL.藥品製造業",13160,"1994"
"CM.橡膠製品製造業",19724,"1994"
"CN.塑膠製品製造業",98393,"1994"
"CO.非金屬礦物製品製造業",93496,"1994"
"CP.基本金屬製造業",96466,"1994"
"CQ.金屬製品製造業",135225,"1994"
"CR.電子零組件製造業",129142,"1994"
"CS.電腦、電子產品及光學製品製造業",107161,"1994"
"CT.電力設備製造業",87133,"1994"
"CU.機械設備製造業",80365,"1994"
"CV.汽車及其零件製造業",75634,"1994"
"CW.其他運輸工具製造業",55444,"1994"
"CX.家具製造業",20807,"1994"
"CY.其他製造業",63950,"1994"
"D 電力及燃氣供應業",146683,"1994"
"DA.電力供應業",142255,"1994"
"DB.氣體燃料供應業",4428,"1994"
"E 用水供應及污染整治業",40123,"1994"
"EA.用水供應業",17556,"1994"
"EB.污染整治業",22567,"1994"
"F 營造業",333558,"1994"
"G 批發及零售業",927643,"1994"
"GA.批發業",473933,"1994"
"GB.零售業",453710,"1994"
"H 運輸及倉儲業",288259,"1994"
"HA.陸上運輸業",131842,"1994"
"HB.水上運輸業",33789,"1994"
"HC.航空運輸業",30234,"1994"
"HD.運輸輔助及倉儲業",75292,"1994"
"HE.郵政及快遞業",17102,"1994"
"I 住宿及餐飲業",110932,"1994"
"IA住宿服務業",27636,"1994"
"IB.餐飲業",83296,"1994"
"J 資訊及通訊傳播業",170440,"1994"
"JA.傳播業",40710,"1994"
"JB.電信業",111540,"1994"
"JC.資訊業",18190,"1994"
"K 金融及保險業",542999,"1994"
"KA.金融中介業",390345,"1994"
"KB.保險業",94944,"1994"
"KC.證券期貨及其他金融業",57710,"1994"
"L 不動產業",564653,"1994"
"LA.不動產業",74490,"1994"
"LB.住宅服務",490163,"1994"
"M 專業、科學及技術服務業",102154,"1994"
"N 支援服務業",39772,"1994"
"NA.租賃業",16804,"1994"
"NB.其他支援服務業",22968,"1994"
"O 公共行政及國防",555897,"1994"
"P 教育服務業",231335,"1994"
"Q 醫療保健及社會工作服務業",127387,"1994"
"QA.醫療保健服務業",120622,"1994"
"QB.社會工作服務業",6765,"1994"
"R 藝術、娛樂及休閒服務業",49546,"1994"
"S 其他服務業",151335,"1994"
"SA.對家庭服務之非營利機構",28600,"1994"
"SB.家事服務業",35015,"1994"
"SC.未分類其他服務業",87720,"1994"
"合 計",6391451,"1994"
"進口稅",160638,"1994"
"加值型營業稅",150349,"1994"
"總 計(生產面)",6702438,"1994"
"統計差異",-16933,"1994"
"GDP",6685505,"1994"
"補充項目:ICT產業",366033,"1994"
"A 農、林、漁、牧業",243467,"1995"
"AA.農耕業",146162,"1995"
"AB.畜牧業",39146,"1995"
"AC.林業",2653,"1995"
"AD.漁業",55506,"1995"
"B 礦業及土石採取業",53043,"1995"
"C 製造業",1815706,"1995"
"CA.食品製造業",86457,"1995"
"CB.飲料及菸草製造業",73569,"1995"
"CC.紡織業",94668,"1995"
"CD.成衣及服飾品製造業",32839,"1995"
"CE.皮革、毛皮及其製品製造業",20832,"1995"
"CF.木竹製品製造業",13044,"1995"
"CG.紙漿、紙及紙製品製造業",40368,"1995"
"CH.印刷及資料儲存媒體複製業",23215,"1995"
"CI.石油及煤製品製造業",121265,"1995"
"CJ.化學材料製造業",158208,"1995"
"CK.化學製品製造業",30036,"1995"
"CL.藥品製造業",11971,"1995"
"CM.橡膠製品製造業",20607,"1995"
"CN.塑膠製品製造業",93573,"1995"
"CO.非金屬礦物製品製造業",84918,"1995"
"CP.基本金屬製造業",108359,"1995"
"CQ.金屬製品製造業",141648,"1995"
"CR.電子零組件製造業",176614,"1995"
"CS.電腦、電子產品及光學製品製造業",121749,"1995"
"CT.電力設備製造業",80048,"1995"
"CU.機械設備製造業",72627,"1995"
"CV.汽車及其零件製造業",72996,"1995"
"CW.其他運輸工具製造業",55345,"1995"
"CX.家具製造業",20434,"1995"
"CY.其他製造業",60316,"1995"
"D 電力及燃氣供應業",153663,"1995"
"DA.電力供應業",148095,"1995"
"DB.氣體燃料供應業",5568,"1995"
"E 用水供應及污染整治業",42344,"1995"
"EA.用水供應業",18821,"1995"
"EB.污染整治業",23523,"1995"
"F 營造業",355572,"1995"
"G 批發及零售業",1061383,"1995"
"GA.批發業",558873,"1995"
"GB.零售業",502510,"1995"
"H 運輸及倉儲業",314508,"1995"
"HA.陸上運輸業",139045,"1995"
"HB.水上運輸業",36959,"1995"
"HC.航空運輸業",32188,"1995"
"HD.運輸輔助及倉儲業",88102,"1995"
"HE.郵政及快遞業",18214,"1995"
"I 住宿及餐飲業",123929,"1995"
"IA住宿服務業",31007,"1995"
"IB.餐飲業",92922,"1995"
"J 資訊及通訊傳播業",188186,"1995"
"JA.傳播業",47538,"1995"
"JB.電信業",120163,"1995"
"JC.資訊業",20485,"1995"
"K 金融及保險業",559556,"1995"
"KA.金融中介業",411284,"1995"
"KB.保險業",113727,"1995"
"KC.證券期貨及其他金融業",34545,"1995"
"L 不動產業",661245,"1995"
"LA.不動產業",86077,"1995"
"LB.住宅服務",575168,"1995"
"M 專業、科學及技術服務業",117643,"1995"
"N 支援服務業",45542,"1995"
"NA.租賃業",18375,"1995"
"NB.其他支援服務業",27167,"1995"
"O 公共行政及國防",610215,"1995"
"P 教育服務業",262422,"1995"
"Q 醫療保健及社會工作服務業",151545,"1995"
"QA.醫療保健服務業",143459,"1995"
"QB.社會工作服務業",8086,"1995"
"R 藝術、娛樂及休閒服務業",56431,"1995"
"S 其他服務業",161158,"1995"
"SA.對家庭服務之非營利機構",23853,"1995"
"SB.家事服務業",40729,"1995"
"SC.未分類其他服務業",96576,"1995"
"合 計",6977558,"1995"
"進口稅",172007,"1995"
"加值型營業稅",152802,"1995"
"總 計(生產面)",7302367,"1995"
"統計差異",-24822,"1995"
"GDP",7277545,"1995"
"補充項目:ICT產業",439011,"1995"
"A 農、林、漁、牧業",242266,"1996"
"AA.農耕業",148286,"1996"
"AB.畜牧業",38083,"1996"
"AC.林業",2244,"1996"
"AD.漁業",53653,"1996"
"B 礦業及土石採取業",47962,"1996"
"C 製造業",1958249,"1996"
"CA.食品製造業",93509,"1996"
"CB.飲料及菸草製造業",75472,"1996"
"CC.紡織業",105425,"1996"
"CD.成衣及服飾品製造業",33588,"1996"
"CE.皮革、毛皮及其製品製造業",20928,"1996"
"CF.木竹製品製造業",12706,"1996"
"CG.紙漿、紙及紙製品製造業",40795,"1996"
"CH.印刷及資料儲存媒體複製業",25065,"1996"
"CI.石油及煤製品製造業",109096,"1996"
"CJ.化學材料製造業",145602,"1996"
"CK.化學製品製造業",33571,"1996"
"CL.藥品製造業",13348,"1996"
"CM.橡膠製品製造業",22274,"1996"
"CN.塑膠製品製造業",108262,"1996"
"CO.非金屬礦物製品製造業",80465,"1996"
"CP.基本金屬製造業",101546,"1996"
"CQ.金屬製品製造業",164099,"1996"
"CR.電子零組件製造業",203084,"1996"
"CS.電腦、電子產品及光學製品製造業",162426,"1996"
"CT.電力設備製造業",93331,"1996"
"CU.機械設備製造業",82016,"1996"
"CV.汽車及其零件製造業",79076,"1996"
"CW.其他運輸工具製造業",60274,"1996"
"CX.家具製造業",23228,"1996"
"CY.其他製造業",69063,"1996"
"D 電力及燃氣供應業",164428,"1996"
"DA.電力供應業",158599,"1996"
"DB.氣體燃料供應業",5829,"1996"
"E 用水供應及污染整治業",43803,"1996"
"EA.用水供應業",19513,"1996"
"EB.污染整治業",24290,"1996"
"F 營造業",355114,"1996"
"G 批發及零售業",1185344,"1996"
"GA.批發業",635407,"1996"
"GB.零售業",549937,"1996"
"H 運輸及倉儲業",343818,"1996"
"HA.陸上運輸業",151729,"1996"
"HB.水上運輸業",36814,"1996"
"HC.航空運輸業",33558,"1996"
"HD.運輸輔助及倉儲業",101937,"1996"
"HE.郵政及快遞業",19780,"1996"
"I 住宿及餐飲業",141176,"1996"
"IA住宿服務業",34933,"1996"
"IB.餐飲業",106243,"1996"
"J 資訊及通訊傳播業",208257,"1996"
"JA.傳播業",53362,"1996"
"JB.電信業",132083,"1996"
"JC.資訊業",22812,"1996"
"K 金融及保險業",611164,"1996"
"KA.金融中介業",441431,"1996"
"KB.保險業",124734,"1996"
"KC.證券期貨及其他金融業",44999,"1996"
"L 不動產業",729163,"1996"
"LA.不動產業",84082,"1996"
"LB.住宅服務",645081,"1996"
"M 專業、科學及技術服務業",133635,"1996"
"N 支援服務業",51750,"1996"
"NA.租賃業",20138,"1996"
"NB.其他支援服務業",31612,"1996"
"O 公共行政及國防",662264,"1996"
"P 教育服務業",297934,"1996"
"Q 醫療保健及社會工作服務業",172244,"1996"
"QA.醫療保健服務業",162539,"1996"
"QB.社會工作服務業",9705,"1996"
"R 藝術、娛樂及休閒服務業",62600,"1996"
"S 其他服務業",188765,"1996"
"SA.對家庭服務之非營利機構",29937,"1996"
"SB.家事服務業",53129,"1996"
"SC.未分類其他服務業",105699,"1996"
"合 計",7599936,"1996"
"進口稅",150456,"1996"
"加值型營業稅",155683,"1996"
"總 計(生產面)",7906075,"1996"
"統計差異",0,"1996"
"GDP",7906075,"1996"
"補充項目:ICT產業",520405,"1996"
"A 農、林、漁、牧業",210710,"1997"
"AA.農耕業",145200,"1997"
"AB.畜牧業",12936,"1997"
"AC.林業",2341,"1997"
"AD.漁業",50233,"1997"
"B 礦業及土石採取業",59565,"1997"
"C 製造業",2117262,"1997"
"CA.食品製造業",92560,"1997"
"CB.飲料及菸草製造業",74435,"1997"
"CC.紡織業",120218,"1997"
"CD.成衣及服飾品製造業",35661,"1997"
"CE.皮革、毛皮及其製品製造業",22666,"1997"
"CF.木竹製品製造業",12915,"1997"
"CG.紙漿、紙及紙製品製造業",41751,"1997"
"CH.印刷及資料儲存媒體複製業",26421,"1997"
"CI.石油及煤製品製造業",131480,"1997"
"CJ.化學材料製造業",152300,"1997"
"CK.化學製品製造業",37482,"1997"
"CL.藥品製造業",14875,"1997"
"CM.橡膠製品製造業",23638,"1997"
"CN.塑膠製品製造業",112607,"1997"
"CO.非金屬礦物製品製造業",76536,"1997"
"CP.基本金屬製造業",116389,"1997"
"CQ.金屬製品製造業",167280,"1997"
"CR.電子零組件製造業",236519,"1997"
"CS.電腦、電子產品及光學製品製造業",185198,"1997"
"CT.電力設備製造業",93690,"1997"
"CU.機械設備製造業",91660,"1997"
"CV.汽車及其零件製造業",87614,"1997"
"CW.其他運輸工具製造業",64584,"1997"
"CX.家具製造業",24349,"1997"
"CY.其他製造業",74434,"1997"
"D 電力及燃氣供應業",170061,"1997"
"DA.電力供應業",163054,"1997"
"DB.氣體燃料供應業",7007,"1997"
"E 用水供應及污染整治業",45368,"1997"
"EA.用水供應業",20577,"1997"
"EB.污染整治業",24791,"1997"
"F 營造業",371868,"1997"
"G 批發及零售業",1313014,"1997"
"GA.批發業",703368,"1997"
"GB.零售業",609646,"1997"
"H 運輸及倉儲業",372411,"1997"
"HA.陸上運輸業",158779,"1997"
"HB.水上運輸業",42930,"1997"
"HC.航空運輸業",38923,"1997"
"HD.運輸輔助及倉儲業",110312,"1997"
"HE.郵政及快遞業",21467,"1997"
"I 住宿及餐飲業",159123,"1997"
"IA住宿服務業",37727,"1997"
"IB.餐飲業",121396,"1997"
"J 資訊及通訊傳播業",235568,"1997"
"JA.傳播業",60780,"1997"
"JB.電信業",142928,"1997"
"JC.資訊業",31860,"1997"
"K 金融及保險業",742666,"1997"
"KA.金融中介業",500978,"1997"
"KB.保險業",132024,"1997"
"KC.證券期貨及其他金融業",109664,"1997"
"L 不動產業",761492,"1997"
"LA.不動產業",85868,"1997"
"LB.住宅服務",675624,"1997"
"M 專業、科學及技術服務業",146270,"1997"
"N 支援服務業",61358,"1997"
"NA.租賃業",22127,"1997"
"NB.其他支援服務業",39231,"1997"
"O 公共行政及國防",696826,"1997"
"P 教育服務業",331838,"1997"
"Q 醫療保健及社會工作服務業",192669,"1997"
"QA.醫療保健服務業",180763,"1997"
"QB.社會工作服務業",11906,"1997"
"R 藝術、娛樂及休閒服務業",67620,"1997"
"S 其他服務業",199679,"1997"
"SA.對家庭服務之非營利機構",28737,"1997"
"SB.家事服務業",55861,"1997"
"SC.未分類其他服務業",115081,"1997"
"合 計",8255368,"1997"
"進口稅",158030,"1997"
"加值型營業稅",164897,"1997"
"總 計(生產面)",8578295,"1997"
"統計差異",-3511,"1997"
"GDP",8574784,"1997"
"補充項目:ICT產業",596505,"1997"
"A 農、林、漁、牧業",219118,"1998"
"AA.農耕業",143805,"1998"
"AB.畜牧業",23484,"1998"
"AC.林業",1468,"1998"
"AD.漁業",50361,"1998"
"B 礦業及土石採取業",71041,"1998"
"C 製造業",2250021,"1998"
"CA.食品製造業",67663,"1998"
"CB.飲料及菸草製造業",69134,"1998"
"CC.紡織業",118966,"1998"
"CD.成衣及服飾品製造業",50046,"1998"
"CE.皮革、毛皮及其製品製造業",23651,"1998"
"CF.木竹製品製造業",10759,"1998"
"CG.紙漿、紙及紙製品製造業",42784,"1998"
"CH.印刷及資料儲存媒體複製業",26705,"1998"
"CI.石油及煤製品製造業",146883,"1998"
"CJ.化學材料製造業",142156,"1998"
"CK.化學製品製造業",39012,"1998"
"CL.藥品製造業",15500,"1998"
"CM.橡膠製品製造業",23408,"1998"
"CN.塑膠製品製造業",113471,"1998"
"CO.非金屬礦物製品製造業",78198,"1998"
"CP.基本金屬製造業",121674,"1998"
"CQ.金屬製品製造業",188866,"1998"
"CR.電子零組件製造業",293000,"1998"
"CS.電腦、電子產品及光學製品製造業",208171,"1998"
"CT.電力設備製造業",93819,"1998"
"CU.機械設備製造業",102254,"1998"
"CV.汽車及其零件製造業",95458,"1998"
"CW.其他運輸工具製造業",67933,"1998"
"CX.家具製造業",28264,"1998"
"CY.其他製造業",82246,"1998"
"D 電力及燃氣供應業",179425,"1998"
"DA.電力供應業",171900,"1998"
"DB.氣體燃料供應業",7525,"1998"
"E 用水供應及污染整治業",46702,"1998"
"EA.用水供應業",21248,"1998"
"EB.污染整治業",25454,"1998"
"F 營造業",367425,"1998"
"G 批發及零售業",1453951,"1998"
"GA.批發業",776878,"1998"
"GB.零售業",677073,"1998"
"H 運輸及倉儲業",400114,"1998"
"HA.陸上運輸業",166573,"1998"
"HB.水上運輸業",49136,"1998"
"HC.航空運輸業",47648,"1998"
"HD.運輸輔助及倉儲業",114026,"1998"
"HE.郵政及快遞業",22731,"1998"
"I 住宿及餐飲業",175487,"1998"
"IA住宿服務業",41332,"1998"
"IB.餐飲業",134155,"1998"
"J 資訊及通訊傳播業",287969,"1998"
"JA.傳播業",70187,"1998"
"JB.電信業",175171,"1998"
"JC.資訊業",42611,"1998"
"K 金融及保險業",770819,"1998"
"KA.金融中介業",523660,"1998"
"KB.保險業",154444,"1998"
"KC.證券期貨及其他金融業",92715,"1998"
"L 不動產業",809867,"1998"
"LA.不動產業",86038,"1998"
"LB.住宅服務",723829,"1998"
"M 專業、科學及技術服務業",159263,"1998"
"N 支援服務業",69199,"1998"
"NA.租賃業",24122,"1998"
"NB.其他支援服務業",45077,"1998"
"O 公共行政及國防",733567,"1998"
"P 教育服務業",362493,"1998"
"Q 醫療保健及社會工作服務業",219145,"1998"
"QA.醫療保健服務業",204950,"1998"
"QB.社會工作服務業",14195,"1998"
"R 藝術、娛樂及休閒服務業",75593,"1998"
"S 其他服務業",232187,"1998"
"SA.對家庭服務之非營利機構",43829,"1998"
"SB.家事服務業",59692,"1998"
"SC.未分類其他服務業",128666,"1998"
"合 計",8883386,"1998"
"進口稅",153416,"1998"
"加值型營業稅",170554,"1998"
"總 計(生產面)",9207356,"1998"
"統計差異",-3182,"1998"
"GDP",9204174,"1998"
"補充項目:ICT產業",718953,"1998"
"A 農、林、漁、牧業",236720,"1999"
"AA.農耕業",149197,"1999"
"AB.畜牧業",37871,"1999"
"AC.林業",1753,"1999"
"AD.漁業",47899,"1999"
"B 礦業及土石採取業",65139,"1999"
"C 製造業",2308308,"1999"
"CA.食品製造業",55209,"1999"
"CB.飲料及菸草製造業",67218,"1999"
"CC.紡織業",124423,"1999"
"CD.成衣及服飾品製造業",45661,"1999"
"CE.皮革、毛皮及其製品製造業",21111,"1999"
"CF.木竹製品製造業",9501,"1999"
"CG.紙漿、紙及紙製品製造業",46514,"1999"
"CH.印刷及資料儲存媒體複製業",25514,"1999"
"CI.石油及煤製品製造業",135627,"1999"
"CJ.化學材料製造業",139263,"1999"
"CK.化學製品製造業",40919,"1999"
"CL.藥品製造業",16331,"1999"
"CM.橡膠製品製造業",27873,"1999"
"CN.塑膠製品製造業",116722,"1999"
"CO.非金屬礦物製品製造業",72512,"1999"
"CP.基本金屬製造業",125999,"1999"
"CQ.金屬製品製造業",190256,"1999"
"CR.電子零組件製造業",376407,"1999"
"CS.電腦、電子產品及光學製品製造業",218496,"1999"
"CT.電力設備製造業",82847,"1999"
"CU.機械設備製造業",110669,"1999"
"CV.汽車及其零件製造業",89924,"1999"
"CW.其他運輸工具製造業",62331,"1999"
"CX.家具製造業",28175,"1999"
"CY.其他製造業",78806,"1999"
"D 電力及燃氣供應業",181951,"1999"
"DA.電力供應業",174090,"1999"
"DB.氣體燃料供應業",7861,"1999"
"E 用水供應及污染整治業",47700,"1999"
"EA.用水供應業",21938,"1999"
"EB.污染整治業",25762,"1999"
"F 營造業",344507,"1999"
"G 批發及零售業",1585784,"1999"
"GA.批發業",850554,"1999"
"GB.零售業",735230,"1999"
"H 運輸及倉儲業",423478,"1999"
"HA.陸上運輸業",181977,"1999"
"HB.水上運輸業",41565,"1999"
"HC.航空運輸業",54903,"1999"
"HD.運輸輔助及倉儲業",121137,"1999"
"HE.郵政及快遞業",23896,"1999"
"I 住宿及餐飲業",188644,"1999"
"IA住宿服務業",43394,"1999"
"IB.餐飲業",145250,"1999"
"J 資訊及通訊傳播業",320276,"1999"
"JA.傳播業",77351,"1999"
"JB.電信業",187976,"1999"
"JC.資訊業",54949,"1999"
"K 金融及保險業",836693,"1999"
"KA.金融中介業",573792,"1999"
"KB.保險業",163855,"1999"
"KC.證券期貨及其他金融業",99046,"1999"
"L 不動產業",831813,"1999"
"LA.不動產業",87657,"1999"
"LB.住宅服務",744156,"1999"
"M 專業、科學及技術服務業",169219,"1999"
"N 支援服務業",79919,"1999"
"NA.租賃業",26277,"1999"
"NB.其他支援服務業",53642,"1999"
"O 公共行政及國防",768845,"1999"
"P 教育服務業",391385,"1999"
"Q 醫療保健及社會工作服務業",239725,"1999"
"QA.醫療保健服務業",223413,"1999"
"QB.社會工作服務業",16312,"1999"
"R 藝術、娛樂及休閒服務業",79133,"1999"
"S 其他服務業",236307,"1999"
"SA.對家庭服務之非營利機構",33574,"1999"
"SB.家事服務業",64514,"1999"
"SC.未分類其他服務業",138219,"1999"
"合 計",9335546,"1999"
"進口稅",139348,"1999"
"加值型營業稅",173642,"1999"
"總 計(生產面)",9648536,"1999"
"統計差異",513,"1999"
"GDP",9649049,"1999"
"補充項目:ICT產業",837828,"1999"
"A 農、林、漁、牧業",205434,"2000"
"AA.農耕業",140896,"2000"
"AB.畜牧業",19837,"2000"
"AC.林業",1281,"2000"
"AD.漁業",43420,"2000"
"B 礦業及土石採取業",51487,"2000"
"C 製造業",2508213,"2000"
"CA.食品製造業",74778,"2000"
"CB.飲料及菸草製造業",69904,"2000"
"CC.紡織業",126716,"2000"
"CD.成衣及服飾品製造業",40695,"2000"
"CE.皮革、毛皮及其製品製造業",17868,"2000"
"CF.木竹製品製造業",8278,"2000"
"CG.紙漿、紙及紙製品製造業",47491,"2000"
"CH.印刷及資料儲存媒體複製業",24174,"2000"
"CI.石油及煤製品製造業",136396,"2000"
"CJ.化學材料製造業",164498,"2000"
"CK.化學製品製造業",40729,"2000"
"CL.藥品製造業",16479,"2000"
"CM.橡膠製品製造業",29225,"2000"
"CN.塑膠製品製造業",94733,"2000"
"CO.非金屬礦物製品製造業",68577,"2000"
"CP.基本金屬製造業",154437,"2000"
"CQ.金屬製品製造業",195816,"2000"
"CR.電子零組件製造業",512831,"2000"
"CS.電腦、電子產品及光學製品製造業",232677,"2000"
"CT.電力設備製造業",80023,"2000"
"CU.機械設備製造業",115976,"2000"
"CV.汽車及其零件製造業",91768,"2000"
"CW.其他運輸工具製造業",62009,"2000"
"CX.家具製造業",24926,"2000"
"CY.其他製造業",77209,"2000"
"D 電力及燃氣供應業",181715,"2000"
"DA.電力供應業",173124,"2000"
"DB.氣體燃料供應業",8591,"2000"
"E 用水供應及污染整治業",47789,"2000"
"EA.用水供應業",21416,"2000"
"EB.污染整治業",26373,"2000"
"F 營造業",317766,"2000"
"G 批發及零售業",1745878,"2000"
"GA.批發業",964524,"2000"
"GB.零售業",781354,"2000"
"H 運輸及倉儲業",413114,"2000"
"HA.陸上運輸業",174308,"2000"
"HB.水上運輸業",37104,"2000"
"HC.航空運輸業",51193,"2000"
"HD.運輸輔助及倉儲業",124662,"2000"
"HE.郵政及快遞業",25847,"2000"
"I 住宿及餐飲業",205669,"2000"
"IA住宿服務業",45152,"2000"
"IB.餐飲業",160517,"2000"
"J 資訊及通訊傳播業",374417,"2000"
"JA.傳播業",85225,"2000"
"JB.電信業",220355,"2000"
"JC.資訊業",68837,"2000"
"K 金融及保險業",846016,"2000"
"KA.金融中介業",583040,"2000"
"KB.保險業",156996,"2000"
"KC.證券期貨及其他金融業",105980,"2000"
"L 不動產業",875432,"2000"
"LA.不動產業",86444,"2000"
"LB.住宅服務",788988,"2000"
"M 專業、科學及技術服務業",177162,"2000"
"N 支援服務業",87909,"2000"
"NA.租賃業",28119,"2000"
"NB.其他支援服務業",59790,"2000"
"O 公共行政及國防",804451,"2000"
"P 教育服務業",415867,"2000"
"Q 醫療保健及社會工作服務業",259327,"2000"
"QA.醫療保健服務業",239825,"2000"
"QB.社會工作服務業",19502,"2000"
"R 藝術、娛樂及休閒服務業",82415,"2000"
"S 其他服務業",257069,"2000"
"SA.對家庭服務之非營利機構",39233,"2000"
"SB.家事服務業",69717,"2000"
"SC.未分類其他服務業",148119,"2000"
"合 計",9857130,"2000"
"進口稅",146443,"2000"
"加值型營業稅",178160,"2000"
"總 計(生產面)",10181733,"2000"
"統計差異",5661,"2000"
"GDP",10187394,"2000"
"補充項目:ICT產業",1034700,"2000"
"A 農、林、漁、牧業",188593,"2001"
"AA.農耕業",134571,"2001"
"AB.畜牧業",15751,"2001"
"AC.林業",1693,"2001"
"AD.漁業",36578,"2001"
"B 礦業及土石採取業",48110,"2001"
"C 製造業",2306353,"2001"
"CA.食品製造業",81824,"2001"
"CB.飲料及菸草製造業",77638,"2001"
"CC.紡織業",112735,"2001"
"CD.成衣及服飾品製造業",35227,"2001"
"CE.皮革、毛皮及其製品製造業",13844,"2001"
"CF.木竹製品製造業",7018,"2001"
"CG.紙漿、紙及紙製品製造業",40896,"2001"
"CH.印刷及資料儲存媒體複製業",25012,"2001"
"CI.石油及煤製品製造業",161647,"2001"
"CJ.化學材料製造業",172917,"2001"
"CK.化學製品製造業",38441,"2001"
"CL.藥品製造業",15664,"2001"
"CM.橡膠製品製造業",27890,"2001"
"CN.塑膠製品製造業",100057,"2001"
"CO.非金屬礦物製品製造業",54176,"2001"
"CP.基本金屬製造業",106672,"2001"
"CQ.金屬製品製造業",178745,"2001"
"CR.電子零組件製造業",415854,"2001"
"CS.電腦、電子產品及光學製品製造業",205428,"2001"
"CT.電力設備製造業",84293,"2001"
"CU.機械設備製造業",112108,"2001"
"CV.汽車及其零件製造業",86691,"2001"
"CW.其他運輸工具製造業",56214,"2001"
"CX.家具製造業",20193,"2001"
"CY.其他製造業",75169,"2001"
"D 電力及燃氣供應業",183154,"2001"
"DA.電力供應業",175281,"2001"
"DB.氣體燃料供應業",7873,"2001"
"E 用水供應及污染整治業",48877,"2001"
"EA.用水供應業",21539,"2001"
"EB.污染整治業",27338,"2001"
"F 營造業",267667,"2001"
"G 批發及零售業",1699937,"2001"
"GA.批發業",933101,"2001"
"GB.零售業",766836,"2001"
"H 運輸及倉儲業",412398,"2001"
"HA.陸上運輸業",176478,"2001"
"HB.水上運輸業",32736,"2001"
"HC.航空運輸業",54277,"2001"
"HD.運輸輔助及倉儲業",123244,"2001"
"HE.郵政及快遞業",25663,"2001"
"I 住宿及餐飲業",206706,"2001"
"IA住宿服務業",42009,"2001"
"IB.餐飲業",164697,"2001"
"J 資訊及通訊傳播業",393845,"2001"
"JA.傳播業",84648,"2001"
"JB.電信業",231536,"2001"
"JC.資訊業",77661,"2001"
"K 金融及保險業",816794,"2001"
"KA.金融中介業",589157,"2001"
"KB.保險業",154727,"2001"
"KC.證券期貨及其他金融業",72910,"2001"
"L 不動產業",884928,"2001"
"LA.不動產業",84636,"2001"
"LB.住宅服務",800292,"2001"
"M 專業、科學及技術服務業",179288,"2001"
"N 支援服務業",99367,"2001"
"NA.租賃業",30104,"2001"
"NB.其他支援服務業",69263,"2001"
"O 公共行政及國防",810088,"2001"
"P 教育服務業",457411,"2001"
"Q 醫療保健及社會工作服務業",277393,"2001"
"QA.醫療保健服務業",254991,"2001"
"QB.社會工作服務業",22402,"2001"
"R 藝術、娛樂及休閒服務業",87612,"2001"
"S 其他服務業",275519,"2001"
"SA.對家庭服務之非營利機構",41279,"2001"
"SB.家事服務業",74987,"2001"
"SC.未分類其他服務業",159253,"2001"
"合 計",9644040,"2001"
"進口稅",119100,"2001"
"加值型營業稅",167247,"2001"
"總 計(生產面)",9930387,"2001"
"統計差異",0,"2001"
"GDP",9930387,"2001"
"補充項目:ICT產業",930479,"2001"
"A 農、林、漁、牧業",188436,"2002"
"AA.農耕業",129142,"2002"
"AB.畜牧業",16585,"2002"
"AC.林業",2363,"2002"
"AD.漁業",40346,"2002"
"B 礦業及土石採取業",52099,"2002"
"C 製造業",2595812,"2002"
"CA.食品製造業",90655,"2002"
"CB.飲料及菸草製造業",69211,"2002"
"CC.紡織業",109758,"2002"
"CD.成衣及服飾品製造業",33160,"2002"
"CE.皮革、毛皮及其製品製造業",14366,"2002"
"CF.木竹製品製造業",8305,"2002"
"CG.紙漿、紙及紙製品製造業",46824,"2002"
"CH.印刷及資料儲存媒體複製業",32098,"2002"
"CI.石油及煤製品製造業",164466,"2002"
"CJ.化學材料製造業",187513,"2002"
"CK.化學製品製造業",39220,"2002"
"CL.藥品製造業",16718,"2002"
"CM.橡膠製品製造業",29652,"2002"
"CN.塑膠製品製造業",101898,"2002"
"CO.非金屬礦物製品製造業",56010,"2002"
"CP.基本金屬製造業",130650,"2002"
"CQ.金屬製品製造業",181938,"2002"
"CR.電子零組件製造業",541795,"2002"
"CS.電腦、電子產品及光學製品製造業",267314,"2002"
"CT.電力設備製造業",84959,"2002"
"CU.機械設備製造業",115618,"2002"
"CV.汽車及其零件製造業",109806,"2002"
"CW.其他運輸工具製造業",65257,"2002"
"CX.家具製造業",19100,"2002"
"CY.其他製造業",79521,"2002"
"D 電力及燃氣供應業",189020,"2002"
"DA.電力供應業",181198,"2002"
"DB.氣體燃料供應業",7822,"2002"
"E 用水供應及污染整治業",53536,"2002"
"EA.用水供應業",20448,"2002"
"EB.污染整治業",33088,"2002"
"F 營造業",261516,"2002"
"G 批發及零售業",1744101,"2002"
"GA.批發業",958177,"2002"
"GB.零售業",785924,"2002"
"H 運輸及倉儲業",421717,"2002"
"HA.陸上運輸業",179431,"2002"
"HB.水上運輸業",30836,"2002"
"HC.航空運輸業",63149,"2002"
"HD.運輸輔助及倉儲業",121922,"2002"
"HE.郵政及快遞業",26379,"2002"
"I 住宿及餐飲業",207752,"2002"
"IA住宿服務業",41434,"2002"
"IB.餐飲業",166318,"2002"
"J 資訊及通訊傳播業",394088,"2002"
"JA.傳播業",85347,"2002"
"JB.電信業",229941,"2002"
"JC.資訊業",78800,"2002"
"K 金融及保險業",832267,"2002"
"KA.金融中介業",601190,"2002"
"KB.保險業",156959,"2002"
"KC.證券期貨及其他金融業",74118,"2002"
"L 不動產業",855445,"2002"
"LA.不動產業",70794,"2002"
"LB.住宅服務",784651,"2002"
"M 專業、科學及技術服務業",187658,"2002"
"N 支援服務業",108384,"2002"
"NA.租賃業",30137,"2002"
"NB.其他支援服務業",78247,"2002"
"O 公共行政及國防",808341,"2002"
"P 教育服務業",488249,"2002"
"Q 醫療保健及社會工作服務業",293560,"2002"
"QA.醫療保健服務業",269751,"2002"
"QB.社會工作服務業",23809,"2002"
"R 藝術、娛樂及休閒服務業",90203,"2002"
"S 其他服務業",292628,"2002"
"SA.對家庭服務之非營利機構",46206,"2002"
"SB.家事服務業",77668,"2002"
"SC.未分類其他服務業",168754,"2002"
"合 計",10064812,"2002"
"進口稅",126370,"2002"
"加值型營業稅",182762,"2002"
"總 計(生產面)",10373944,"2002"
"統計差異",37695,"2002"
"GDP",10411639,"2002"
"補充項目:ICT產業",1117850,"2002"
"A 農、林、漁、牧業",183581,"2003"
"AA.農耕業",124088,"2003"
"AB.畜牧業",18536,"2003"
"AC.林業",1766,"2003"
"AD.漁業",39191,"2003"
"B 礦業及土石採取業",43610,"2003"
"C 製造業",2801855,"2003"
"CA.食品製造業",87848,"2003"
"CB.飲料及菸草製造業",69897,"2003"
"CC.紡織業",93841,"2003"
"CD.成衣及服飾品製造業",34300,"2003"
"CE.皮革、毛皮及其製品製造業",13289,"2003"
"CF.木竹製品製造業",9408,"2003"
"CG.紙漿、紙及紙製品製造業",50426,"2003"
"CH.印刷及資料儲存媒體複製業",35672,"2003"
"CI.石油及煤製品製造業",181909,"2003"
"CJ.化學材料製造業",195862,"2003"
"CK.化學製品製造業",40094,"2003"
"CL.藥品製造業",19806,"2003"
"CM.橡膠製品製造業",28035,"2003"
"CN.塑膠製品製造業",96532,"2003"
"CO.非金屬礦物製品製造業",58969,"2003"
"CP.基本金屬製造業",133737,"2003"
"CQ.金屬製品製造業",180528,"2003"
"CR.電子零組件製造業",680986,"2003"
"CS.電腦、電子產品及光學製品製造業",302519,"2003"
"CT.電力設備製造業",86603,"2003"
"CU.機械設備製造業",125697,"2003"
"CV.汽車及其零件製造業",110202,"2003"
"CW.其他運輸工具製造業",66387,"2003"
"CX.家具製造業",19314,"2003"
"CY.其他製造業",79994,"2003"
"D 電力及燃氣供應業",188087,"2003"
"DA.電力供應業",180070,"2003"
"DB.氣體燃料供應業",8017,"2003"
"E 用水供應及污染整治業",59115,"2003"
"EA.用水供應業",21031,"2003"
"EB.污染整治業",38084,"2003"
"F 營造業",253520,"2003"
"G 批發及零售業",1785113,"2003"
"GA.批發業",981627,"2003"
"GB.零售業",803486,"2003"
"H 運輸及倉儲業",408507,"2003"
"HA.陸上運輸業",168263,"2003"
"HB.水上運輸業",33407,"2003"
"HC.航空運輸業",56851,"2003"
"HD.運輸輔助及倉儲業",123128,"2003"
"HE.郵政及快遞業",26858,"2003"
"I 住宿及餐飲業",204743,"2003"
"IA住宿服務業",40534,"2003"
"IB.餐飲業",164209,"2003"
"J 資訊及通訊傳播業",403079,"2003"
"JA.傳播業",89032,"2003"
"JB.電信業",232048,"2003"
"JC.資訊業",81999,"2003"
"K 金融及保險業",807274,"2003"
"KA.金融中介業",570164,"2003"
"KB.保險業",164790,"2003"
"KC.證券期貨及其他金融業",72320,"2003"
"L 不動產業",892972,"2003"
"LA.不動產業",88977,"2003"
"LB.住宅服務",803995,"2003"
"M 專業、科學及技術服務業",198997,"2003"
"N 支援服務業",110997,"2003"
"NA.租賃業",29441,"2003"
"NB.其他支援服務業",81556,"2003"
"O 公共行政及國防",847589,"2003"
"P 教育服務業",530562,"2003"
"Q 醫療保健及社會工作服務業",298677,"2003"
"QA.醫療保健服務業",273194,"2003"
"QB.社會工作服務業",25483,"2003"
"R 藝術、娛樂及休閒服務業",92523,"2003"
"S 其他服務業",295116,"2003"
"SA.對家庭服務之非營利機構",42898,"2003"
"SB.家事服務業",77125,"2003"
"SC.未分類其他服務業",175093,"2003"
"合 計",10405917,"2003"
"進口稅",128710,"2003"
"加值型營業稅",188680,"2003"
"總 計(生產面)",10723307,"2003"
"統計差異",-27050,"2003"
"GDP",10696257,"2003"
"補充項目:ICT產業",1297552,"2003"
"A 農、林、漁、牧業",190733,"2004"
"AA.農耕業",131162,"2004"
"AB.畜牧業",19351,"2004"
"AC.林業",1364,"2004"
"AD.漁業",38856,"2004"
"B 礦業及土石採取業",47946,"2004"
"C 製造業",3047086,"2004"
"CA.食品製造業",78955,"2004"
"CB.飲料及菸草製造業",63448,"2004"
"CC.紡織業",87869,"2004"
"CD.成衣及服飾品製造業",27933,"2004"
"CE.皮革、毛皮及其製品製造業",13237,"2004"
"CF.木竹製品製造業",9895,"2004"
"CG.紙漿、紙及紙製品製造業",49249,"2004"
"CH.印刷及資料儲存媒體複製業",33035,"2004"
"CI.石油及煤製品製造業",209591,"2004"
"CJ.化學材料製造業",267059,"2004"
"CK.化學製品製造業",42015,"2004"
"CL.藥品製造業",20087,"2004"
"CM.橡膠製品製造業",30672,"2004"
"CN.塑膠製品製造業",95560,"2004"
"CO.非金屬礦物製品製造業",70401,"2004"
"CP.基本金屬製造業",173640,"2004"
"CQ.金屬製品製造業",188577,"2004"
"CR.電子零組件製造業",822090,"2004"
"CS.電腦、電子產品及光學製品製造業",273088,"2004"
"CT.電力設備製造業",87108,"2004"
"CU.機械設備製造業",133318,"2004"
"CV.汽車及其零件製造業",106972,"2004"
"CW.其他運輸工具製造業",63446,"2004"
"CX.家具製造業",19445,"2004"
"CY.其他製造業",80396,"2004"
"D 電力及燃氣供應業",161630,"2004"
"DA.電力供應業",153736,"2004"
"DB.氣體燃料供應業",7894,"2004"
"E 用水供應及污染整治業",64443,"2004"
"EA.用水供應業",21180,"2004"
"EB.污染整治業",43263,"2004"
"F 營造業",288093,"2004"
"G 批發及零售業",1941499,"2004"
"GA.批發業",1074344,"2004"
"GB.零售業",867155,"2004"
"H 運輸及倉儲業",426864,"2004"
"HA.陸上運輸業",172176,"2004"
"HB.水上運輸業",37541,"2004"
"HC.航空運輸業",60157,"2004"
"HD.運輸輔助及倉儲業",128420,"2004"
"HE.郵政及快遞業",28570,"2004"
"I 住宿及餐飲業",215478,"2004"
"IA住宿服務業",44120,"2004"
"IB.餐飲業",171358,"2004"
"J 資訊及通訊傳播業",408597,"2004"
"JA.傳播業",93395,"2004"
"JB.電信業",229756,"2004"
"JC.資訊業",85446,"2004"
"K 金融及保險業",859478,"2004"
"KA.金融中介業",595535,"2004"
"KB.保險業",174486,"2004"
"KC.證券期貨及其他金融業",89457,"2004"
"L 不動產業",926654,"2004"
"LA.不動產業",111071,"2004"
"LB.住宅服務",815583,"2004"
"M 專業、科學及技術服務業",210604,"2004"
"N 支援服務業",124391,"2004"
"NA.租賃業",29697,"2004"
"NB.其他支援服務業",94694,"2004"
"O 公共行政及國防",872697,"2004"
"P 教育服務業",532317,"2004"
"Q 醫療保健及社會工作服務業",308905,"2004"
"QA.醫療保健服務業",281493,"2004"
"QB.社會工作服務業",27412,"2004"
"R 藝術、娛樂及休閒服務業",93482,"2004"
"S 其他服務業",306932,"2004"
"SA.對家庭服務之非營利機構",46601,"2004"
"SB.家事服務業",80717,"2004"
"SC.未分類其他服務業",179614,"2004"
"合 計",11027829,"2004"
"進口稅",126147,"2004"
"加值型營業稅",213086,"2004"
"總 計(生產面)",11367062,"2004"
"統計差異",-1770,"2004"
"GDP",11365292,"2004"
"補充項目:ICT產業",1410380,"2004"
"A 農、林、漁、牧業",195833,"2005"
"AA.農耕業",137085,"2005"
"AB.畜牧業",21584,"2005"
"AC.林業",1454,"2005"
"AD.漁業",35710,"2005"
"B 礦業及土石採取業",44718,"2005"
"C 製造業",3120118,"2005"
"CA.食品製造業",73350,"2005"
"CB.飲料及菸草製造業",65727,"2005"
"CC.紡織業",85348,"2005"
"CD.成衣及服飾品製造業",26140,"2005"
"CE.皮革、毛皮及其製品製造業",14053,"2005"
"CF.木竹製品製造業",9593,"2005"
"CG.紙漿、紙及紙製品製造業",46318,"2005"
"CH.印刷及資料儲存媒體複製業",36561,"2005"
"CI.石油及煤製品製造業",227117,"2005"
"CJ.化學材料製造業",271866,"2005"
"CK.化學製品製造業",41598,"2005"
"CL.藥品製造業",21742,"2005"
"CM.橡膠製品製造業",30621,"2005"
"CN.塑膠製品製造業",82456,"2005"
"CO.非金屬礦物製品製造業",70967,"2005"
"CP.基本金屬製造業",166185,"2005"
"CQ.金屬製品製造業",188749,"2005"
"CR.電子零組件製造業",877145,"2005"
"CS.電腦、電子產品及光學製品製造業",275338,"2005"
"CT.電力設備製造業",88847,"2005"
"CU.機械設備製造業",143003,"2005"
"CV.汽車及其零件製造業",120056,"2005"
"CW.其他運輸工具製造業",63949,"2005"
"CX.家具製造業",16914,"2005"
"CY.其他製造業",76475,"2005"
"D 電力及燃氣供應業",155864,"2005"
"DA.電力供應業",147164,"2005"
"DB.氣體燃料供應業",8700,"2005"
"E 用水供應及污染整治業",70773,"2005"
"EA.用水供應業",21472,"2005"
"EB.污染整治業",49301,"2005"
"F 營造業",284824,"2005"
"G 批發及零售業",2073677,"2005"
"GA.批發業",1151216,"2005"
"GB.零售業",922461,"2005"
"H 運輸及倉儲業",413665,"2005"
"HA.陸上運輸業",172234,"2005"
"HB.水上運輸業",29869,"2005"
"HC.航空運輸業",54893,"2005"
"HD.運輸輔助及倉儲業",127282,"2005"
"HE.郵政及快遞業",29387,"2005"
"I 住宿及餐飲業",229558,"2005"
"IA住宿服務業",46890,"2005"
"IB.餐飲業",182668,"2005"
"J 資訊及通訊傳播業",410648,"2005"
"JA.傳播業",96146,"2005"
"JB.電信業",227326,"2005"
"JC.資訊業",87176,"2005"
"K 金融及保險業",900684,"2005"
"KA.金融中介業",637861,"2005"
"KB.保險業",187758,"2005"
"KC.證券期貨及其他金融業",75065,"2005"
"L 不動產業",960160,"2005"
"LA.不動產業",127583,"2005"
"LB.住宅服務",832577,"2005"
"M 專業、科學及技術服務業",223568,"2005"
"N 支援服務業",139089,"2005"
"NA.租賃業",30152,"2005"
"NB.其他支援服務業",108937,"2005"
"O 公共行政及國防",892873,"2005"
"P 教育服務業",547315,"2005"
"Q 醫療保健及社會工作服務業",325532,"2005"
"QA.醫療保健服務業",296182,"2005"
"QB.社會工作服務業",29350,"2005"
"R 藝術、娛樂及休閒服務業",95436,"2005"
"S 其他服務業",325699,"2005"
"SA.對家庭服務之非營利機構",51553,"2005"
"SB.家事服務業",84798,"2005"
"SC.未分類其他服務業",189348,"2005"
"合 計",11410034,"2005"
"進口稅",135383,"2005"
"加值型營業稅",215892,"2005"
"總 計(生產面)",11761309,"2005"
"統計差異",-21030,"2005"
"GDP",11740279,"2005"
"補充項目:ICT產業",1466985,"2005"
"A 農、林、漁、牧業",197589,"2006"
"AA.農耕業",142914,"2006"
"AB.畜牧業",20786,"2006"
"AC.林業",1722,"2006"
"AD.漁業",32167,"2006"
"B 礦業及土石採取業",39444,"2006"
"C 製造業",3239070,"2006"
"CA.食品製造業",76318,"2006"
"CB.飲料及菸草製造業",68491,"2006"
"CC.紡織業",82450,"2006"
"CD.成衣及服飾品製造業",23065,"2006"
"CE.皮革、毛皮及其製品製造業",13334,"2006"
"CF.木竹製品製造業",11040,"2006"
"CG.紙漿、紙及紙製品製造業",42509,"2006"
"CH.印刷及資料儲存媒體複製業",38178,"2006"
"CI.石油及煤製品製造業",162121,"2006"
"CJ.化學材料製造業",188594,"2006"
"CK.化學製品製造業",46832,"2006"
"CL.藥品製造業",25331,"2006"
"CM.橡膠製品製造業",28573,"2006"
"CN.塑膠製品製造業",66903,"2006"
"CO.非金屬礦物製品製造業",74440,"2006"
"CP.基本金屬製造業",207244,"2006"
"CQ.金屬製品製造業",194449,"2006"
"CR.電子零組件製造業",1050368,"2006"
"CS.電腦、電子產品及光學製品製造業",324152,"2006"
"CT.電力設備製造業",104938,"2006"
"CU.機械設備製造業",163803,"2006"
"CV.汽車及其零件製造業",97908,"2006"
"CW.其他運輸工具製造業",51804,"2006"
"CX.家具製造業",16568,"2006"
"CY.其他製造業",79657,"2006"
"D 電力及燃氣供應業",147526,"2006"
"DA.電力供應業",139336,"2006"
"DB.氣體燃料供應業",8190,"2006"
"E 用水供應及污染整治業",77454,"2006"
"EA.用水供應業",22147,"2006"
"EB.污染整治業",55307,"2006"
"F 營造業",332438,"2006"
"G 批發及零售業",2188716,"2006"
"GA.批發業",1249755,"2006"
"GB.零售業",938961,"2006"
"H 運輸及倉儲業",394318,"2006"
"HA.陸上運輸業",161620,"2006"
"HB.水上運輸業",22470,"2006"
"HC.航空運輸業",51653,"2006"
"HD.運輸輔助及倉儲業",128537,"2006"
"HE.郵政及快遞業",30038,"2006"
"I 住宿及餐飲業",234114,"2006"
"IA住宿服務業",47380,"2006"
"IB.餐飲業",186734,"2006"
"J 資訊及通訊傳播業",415443,"2006"
"JA.傳播業",95955,"2006"
"JB.電信業",221518,"2006"
"JC.資訊業",97970,"2006"
"K 金融及保險業",891545,"2006"
"KA.金融中介業",593041,"2006"
"KB.保險業",199909,"2006"
"KC.證券期貨及其他金融業",98595,"2006"
"L 不動產業",1045155,"2006"
"LA.不動產業",175721,"2006"
"LB.住宅服務",869434,"2006"
"M 專業、科學及技術服務業",253492,"2006"
"N 支援服務業",159842,"2006"
"NA.租賃業",32642,"2006"
"NB.其他支援服務業",127200,"2006"
"O 公共行政及國防",909713,"2006"
"P 教育服務業",572723,"2006"
"Q 醫療保健及社會工作服務業",347436,"2006"
"QA.醫療保健服務業",317046,"2006"
"QB.社會工作服務業",30390,"2006"
"R 藝術、娛樂及休閒服務業",101238,"2006"
"S 其他服務業",345561,"2006"
"SA.對家庭服務之非營利機構",54412,"2006"
"SB.家事服務業",90393,"2006"
"SC.未分類其他服務業",200756,"2006"
"合 計",11892817,"2006"
"進口稅",135686,"2006"
"加值型營業稅",214968,"2006"
"總 計(生產面)",12243471,"2006"
"統計差異",0,"2006"
"GDP",12243471,"2006"
"補充項目:ICT產業",1694008,"2006"
"A 農、林、漁、牧業",191621,"2007"
"AA.農耕業",139767,"2007"
"AB.畜牧業",19389,"2007"
"AC.林業",1907,"2007"
"AD.漁業",30558,"2007"
"B 礦業及土石採取業",58627,"2007"
"C 製造業",3405858,"2007"
"CA.食品製造業",74480,"2007"
"CB.飲料及菸草製造業",67899,"2007"
"CC.紡織業",80509,"2007"
"CD.成衣及服飾品製造業",24387,"2007"
"CE.皮革、毛皮及其製品製造業",11594,"2007"
"CF.木竹製品製造業",9923,"2007"
"CG.紙漿、紙及紙製品製造業",41791,"2007"
"CH.印刷及資料儲存媒體複製業",36637,"2007"
"CI.石油及煤製品製造業",220488,"2007"
"CJ.化學材料製造業",243474,"2007"
"CK.化學製品製造業",42666,"2007"
"CL.藥品製造業",25577,"2007"
"CM.橡膠製品製造業",28513,"2007"
"CN.塑膠製品製造業",59610,"2007"
"CO.非金屬礦物製品製造業",70475,"2007"
"CP.基本金屬製造業",228073,"2007"
"CQ.金屬製品製造業",199536,"2007"
"CR.電子零組件製造業",1053906,"2007"
"CS.電腦、電子產品及光學製品製造業",344512,"2007"
"CT.電力設備製造業",115373,"2007"
"CU.機械設備製造業",171260,"2007"
"CV.汽車及其零件製造業",91525,"2007"
"CW.其他運輸工具製造業",68903,"2007"
"CX.家具製造業",15848,"2007"
"CY.其他製造業",78899,"2007"
"D 電力及燃氣供應業",124719,"2007"
"DA.電力供應業",115116,"2007"
"DB.氣體燃料供應業",9603,"2007"
"E 用水供應及污染整治業",83858,"2007"
"EA.用水供應業",22181,"2007"
"EB.污染整治業",61677,"2007"
"F 營造業",357606,"2007"
"G 批發及零售業",2340289,"2007"
"GA.批發業",1357819,"2007"
"GB.零售業",982470,"2007"
"H 運輸及倉儲業",411981,"2007"
"HA.陸上運輸業",163562,"2007"
"HB.水上運輸業",30830,"2007"
"HC.航空運輸業",53178,"2007"
"HD.運輸輔助及倉儲業",135012,"2007"
"HE.郵政及快遞業",29399,"2007"
"I 住宿及餐飲業",244824,"2007"
"IA住宿服務業",49749,"2007"
"IB.餐飲業",195075,"2007"
"J 資訊及通訊傳播業",442440,"2007"
"JA.傳播業",101614,"2007"
"JB.電信業",225651,"2007"
"JC.資訊業",115175,"2007"
"K 金融及保險業",931976,"2007"
"KA.金融中介業",593933,"2007"
"KB.保險業",205458,"2007"
"KC.證券期貨及其他金融業",132585,"2007"
"L 不動產業",1095719,"2007"
"LA.不動產業",180838,"2007"
"LB.住宅服務",914881,"2007"
"M 專業、科學及技術服務業",273134,"2007"
"N 支援服務業",173759,"2007"
"NA.租賃業",35595,"2007"
"NB.其他支援服務業",138164,"2007"
"O 公共行政及國防",913320,"2007"
"P 教育服務業",599751,"2007"
"Q 醫療保健及社會工作服務業",364258,"2007"
"QA.醫療保健服務業",332670,"2007"
"QB.社會工作服務業",31588,"2007"
"R 藝術、娛樂及休閒服務業",106755,"2007"
"S 其他服務業",361953,"2007"
"SA.對家庭服務之非營利機構",53694,"2007"
"SB.家事服務業",94741,"2007"
"SC.未分類其他服務業",213518,"2007"
"合 計",12482448,"2007"
"進口稅",138047,"2007"
"加值型營業稅",222720,"2007"
"總 計(生產面)",12843215,"2007"
"統計差異",67296,"2007"
"GDP",12910511,"2007"
"補充項目:ICT產業",1739244,"2007"
"A 農、林、漁、牧業",201799,"2008"
"AA.農耕業",145547,"2008"
"AB.畜牧業",25434,"2008"
"AC.林業",1753,"2008"
"AD.漁業",29065,"2008"
"B 礦業及土石採取業",20734,"2008"
"C 製造業",3132252,"2008"
"CA.食品製造業",72558,"2008"
"CB.飲料及菸草製造業",67453,"2008"
"CC.紡織業",71615,"2008"
"CD.成衣及服飾品製造業",21537,"2008"
"CE.皮革、毛皮及其製品製造業",10758,"2008"
"CF.木竹製品製造業",9883,"2008"
"CG.紙漿、紙及紙製品製造業",41632,"2008"
"CH.印刷及資料儲存媒體複製業",35033,"2008"
"CI.石油及煤製品製造業",116786,"2008"
"CJ.化學材料製造業",174313,"2008"
"CK.化學製品製造業",42543,"2008"
"CL.藥品製造業",24051,"2008"
"CM.橡膠製品製造業",26347,"2008"
"CN.塑膠製品製造業",60750,"2008"
"CO.非金屬礦物製品製造業",67496,"2008"
"CP.基本金屬製造業",231732,"2008"
"CQ.金屬製品製造業",202244,"2008"
"CR.電子零組件製造業",1002559,"2008"
"CS.電腦、電子產品及光學製品製造業",339702,"2008"
"CT.電力設備製造業",103039,"2008"
"CU.機械設備製造業",162711,"2008"
"CV.汽車及其零件製造業",79156,"2008"
"CW.其他運輸工具製造業",78402,"2008"
"CX.家具製造業",15047,"2008"
"CY.其他製造業",74905,"2008"
"D 電力及燃氣供應業",65301,"2008"
"DA.電力供應業",55095,"2008"
"DB.氣體燃料供應業",10206,"2008"
"E 用水供應及污染整治業",83286,"2008"
"EA.用水供應業",21825,"2008"
"EB.污染整治業",61461,"2008"
"F 營造業",363274,"2008"
"G 批發及零售業",2390445,"2008"
"GA.批發業",1423121,"2008"
"GB.零售業",967324,"2008"
"H 運輸及倉儲業",395054,"2008"
"HA.陸上運輸業",162121,"2008"
"HB.水上運輸業",32943,"2008"
"HC.航空運輸業",38717,"2008"
"HD.運輸輔助及倉儲業",131681,"2008"
"HE.郵政及快遞業",29592,"2008"
"I 住宿及餐飲業",251023,"2008"
"IA住宿服務業",49355,"2008"
"IB.餐飲業",201668,"2008"
"J 資訊及通訊傳播業",455728,"2008"
"JA.傳播業",103554,"2008"
"JB.電信業",225969,"2008"
"JC.資訊業",126205,"2008"
"K 金融及保險業",915973,"2008"
"KA.金融中介業",587919,"2008"
"KB.保險業",214439,"2008"
"KC.證券期貨及其他金融業",113615,"2008"
"L 不動產業",1108059,"2008"
"LA.不動產業",164691,"2008"
"LB.住宅服務",943368,"2008"
"M 專業、科學及技術服務業",278056,"2008"
"N 支援服務業",187085,"2008"
"NA.租賃業",37422,"2008"
"NB.其他支援服務業",149663,"2008"
"O 公共行政及國防",945152,"2008"
"P 教育服務業",603213,"2008"
"Q 醫療保健及社會工作服務業",377440,"2008"
"QA.醫療保健服務業",344407,"2008"
"QB.社會工作服務業",33033,"2008"
"R 藝術、娛樂及休閒服務業",111253,"2008"
"S 其他服務業",376280,"2008"
"SA.對家庭服務之非營利機構",58960,"2008"
"SB.家事服務業",97951,"2008"
"SC.未分類其他服務業",219369,"2008"
"合 計",12261407,"2008"
"進口稅",132565,"2008"
"加值型營業稅",221321,"2008"
"總 計(生產面)",12615293,"2008"
"統計差異",4857,"2008"
"GDP",12620150,"2008"
"補充項目:ICT產業",1694435,"2008"
"A 農、林、漁、牧業",215250,"2009"
"AA.農耕業",147717,"2009"
"AB.畜牧業",31754,"2009"
"AC.林業",1568,"2009"
"AD.漁業",34211,"2009"
"B 礦業及土石採取業",51695,"2009"
"C 製造業",2950748,"2009"
"CA.食品製造業",79546,"2009"
"CB.飲料及菸草製造業",77548,"2009"
"CC.紡織業",69089,"2009"
"CD.成衣及服飾品製造業",21546,"2009"
"CE.皮革、毛皮及其製品製造業",9927,"2009"
"CF.木竹製品製造業",8866,"2009"
"CG.紙漿、紙及紙製品製造業",34997,"2009"
"CH.印刷及資料儲存媒體複製業",33615,"2009"
"CI.石油及煤製品製造業",173072,"2009"
"CJ.化學材料製造業",227178,"2009"
"CK.化學製品製造業",44191,"2009"
"CL.藥品製造業",26307,"2009"
"CM.橡膠製品製造業",26196,"2009"
"CN.塑膠製品製造業",59887,"2009"
"CO.非金屬礦物製品製造業",58248,"2009"
"CP.基本金屬製造業",152937,"2009"
"CQ.金屬製品製造業",173078,"2009"
"CR.電子零組件製造業",897809,"2009"
"CS.電腦、電子產品及光學製品製造業",315562,"2009"
"CT.電力設備製造業",94927,"2009"
"CU.機械設備製造業",133791,"2009"
"CV.汽車及其零件製造業",82641,"2009"
"CW.其他運輸工具製造業",66259,"2009"
"CX.家具製造業",13028,"2009"
"CY.其他製造業",70503,"2009"
"D 電力及燃氣供應業",171598,"2009"
"DA.電力供應業",161664,"2009"
"DB.氣體燃料供應業",9934,"2009"
"E 用水供應及污染整治業",81804,"2009"
"EA.用水供應業",20072,"2009"
"EB.污染整治業",61732,"2009"
"F 營造業",333724,"2009"
"G 批發及零售業",2320828,"2009"
"GA.批發業",1373325,"2009"
"GB.零售業",947503,"2009"
"H 運輸及倉儲業",371969,"2009"
"HA.陸上運輸業",166153,"2009"
"HB.水上運輸業",11015,"2009"
"HC.航空運輸業",45996,"2009"
"HD.運輸輔助及倉儲業",118302,"2009"
"HE.郵政及快遞業",30503,"2009"
"I 住宿及餐飲業",254606,"2009"
"IA住宿服務業",47027,"2009"
"IB.餐飲業",207579,"2009"
"J 資訊及通訊傳播業",463163,"2009"
"JA.傳播業",109221,"2009"
"JB.電信業",220781,"2009"
"JC.資訊業",133161,"2009"
"K 金融及保險業",796388,"2009"
"KA.金融中介業",480855,"2009"
"KB.保險業",204545,"2009"
"KC.證券期貨及其他金融業",110988,"2009"
"L 不動產業",1139790,"2009"
"LA.不動產業",161481,"2009"
"LB.住宅服務",978309,"2009"
"M 專業、科學及技術服務業",284327,"2009"
"N 支援服務業",182538,"2009"
"NA.租賃業",37665,"2009"
"NB.其他支援服務業",144873,"2009"
"O 公共行政及國防",950616,"2009"
"P 教育服務業",618548,"2009"
"Q 醫療保健及社會工作服務業",396963,"2009"
"QA.醫療保健服務業",362200,"2009"
"QB.社會工作服務業",34763,"2009"
"R 藝術、娛樂及休閒服務業",117264,"2009"
"S 其他服務業",387101,"2009"
"SA.對家庭服務之非營利機構",60786,"2009"
"SB.家事服務業",100868,"2009"
"SC.未分類其他服務業",225447,"2009"
"合 計",12088920,"2009"
"進口稅",117194,"2009"
"加值型營業稅",206405,"2009"
"總 計(生產面)",12412519,"2009"
"統計差異",68574,"2009"
"GDP",12481093,"2009"
"補充項目:ICT產業",1567313,"2009"
"A 農、林、漁、牧業",224501,"2010"
"AA.農耕業",158381,"2010"
"AB.畜牧業",30094,"2010"
"AC.林業",1283,"2010"
"AD.漁業",34743,"2010"
"B 礦業及土石採取業",65357,"2010"
"C 製造業",3536574,"2010"
"CA.食品製造業",83540,"2010"
"CB.飲料及菸草製造業",80525,"2010"
"CC.紡織業",73935,"2010"
"CD.成衣及服飾品製造業",23856,"2010"
"CE.皮革、毛皮及其製品製造業",10532,"2010"
"CF.木竹製品製造業",9528,"2010"
"CG.紙漿、紙及紙製品製造業",47257,"2010"
"CH.印刷及資料儲存媒體複製業",36371,"2010"
"CI.石油及煤製品製造業",161904,"2010"
"CJ.化學材料製造業",351029,"2010"
"CK.化學製品製造業",49740,"2010"
"CL.藥品製造業",27255,"2010"
"CM.橡膠製品製造業",28680,"2010"
"CN.塑膠製品製造業",66108,"2010"
"CO.非金屬礦物製品製造業",61989,"2010"
"CP.基本金屬製造業",228826,"2010"
"CQ.金屬製品製造業",209124,"2010"
"CR.電子零組件製造業",1042599,"2010"
"CS.電腦、電子產品及光學製品製造業",395937,"2010"
"CT.電力設備製造業",124820,"2010"
"CU.機械設備製造業",167828,"2010"
"CV.汽車及其零件製造業",97658,"2010"
"CW.其他運輸工具製造業",68872,"2010"
"CX.家具製造業",13904,"2010"
"CY.其他製造業",74757,"2010"
"D 電力及燃氣供應業",157680,"2010"
"DA.電力供應業",146946,"2010"
"DB.氣體燃料供應業",10734,"2010"
"E 用水供應及污染整治業",88128,"2010"
"EA.用水供應業",21134,"2010"
"EB.污染整治業",66994,"2010"
"F 營造業",383943,"2010"
"G 批發及零售業",2502271,"2010"
"GA.批發業",1515040,"2010"
"GB.零售業",987231,"2010"
"H 運輸及倉儲業",442869,"2010"
"HA.陸上運輸業",173992,"2010"
"HB.水上運輸業",24001,"2010"
"HC.航空運輸業",77420,"2010"
"HD.運輸輔助及倉儲業",133922,"2010"
"HE.郵政及快遞業",33534,"2010"
"I 住宿及餐飲業",272805,"2010"
"IA住宿服務業",51498,"2010"
"IB.餐飲業",221307,"2010"
"J 資訊及通訊傳播業",485013,"2010"
"JA.傳播業",115057,"2010"
"JB.電信業",223772,"2010"
"JC.資訊業",146184,"2010"
"K 金融及保險業",861567,"2010"
"KA.金融中介業",541890,"2010"
"KB.保險業",202760,"2010"
"KC.證券期貨及其他金融業",116917,"2010"
"L 不動產業",1172227,"2010"
"LA.不動產業",180208,"2010"
"LB.住宅服務",992019,"2010"
"M 專業、科學及技術服務業",304584,"2010"
"N 支援服務業",197099,"2010"
"NA.租賃業",39791,"2010"
"NB.其他支援服務業",157308,"2010"
"O 公共行政及國防",989879,"2010"
"P 教育服務業",626532,"2010"
"Q 醫療保健及社會工作服務業",409934,"2010"
"QA.醫療保健服務業",373853,"2010"
"QB.社會工作服務業",36081,"2010"
"R 藝術、娛樂及休閒服務業",123505,"2010"
"S 其他服務業",406293,"2010"
"SA.對家庭服務之非營利機構",63477,"2010"
"SB.家事服務業",105605,"2010"
"SC.未分類其他服務業",237211,"2010"
"合 計",13250761,"2010"
"進口稅",152109,"2010"
"加值型營業稅",249680,"2010"
"總 計(生產面)",13652550,"2010"
"統計差異",-100451,"2010"
"GDP",13552099,"2010"
"補充項目:ICT產業",1808492,"2010"
"A 農、林、漁、牧業",248657,"2011"
"AA.農耕業",178948,"2011"
"AB.畜牧業",27290,"2011"
"AC.林業",1551,"2011"
"AD.漁業",40868,"2011"
"B 礦業及土石採取業",30598,"2011"
"C 製造業",3495940,"2011"
"CA.食品製造業",84931,"2011"
"CB.飲料及菸草製造業",84257,"2011"
"CC.紡織業",75945,"2011"
"CD.成衣及服飾品製造業",24245,"2011"
"CE.皮革、毛皮及其製品製造業",10766,"2011"
"CF.木竹製品製造業",10097,"2011"
"CG.紙漿、紙及紙製品製造業",44720,"2011"
"CH.印刷及資料儲存媒體複製業",38104,"2011"
"CI.石油及煤製品製造業",142013,"2011"
"CJ.化學材料製造業",316196,"2011"
"CK.化學製品製造業",51420,"2011"
"CL.藥品製造業",26356,"2011"
"CM.橡膠製品製造業",29791,"2011"
"CN.塑膠製品製造業",69186,"2011"
"CO.非金屬礦物製品製造業",64814,"2011"
"CP.基本金屬製造業",217096,"2011"
"CQ.金屬製品製造業",227884,"2011"
"CR.電子零組件製造業",929018,"2011"
"CS.電腦、電子產品及光學製品製造業",483815,"2011"
"CT.電力設備製造業",117830,"2011"
"CU.機械設備製造業",178884,"2011"
"CV.汽車及其零件製造業",105906,"2011"
"CW.其他運輸工具製造業",73444,"2011"
"CX.家具製造業",13018,"2011"
"CY.其他製造業",76204,"2011"
"D 電力及燃氣供應業",128873,"2011"
"DA.電力供應業",117432,"2011"
"DB.氣體燃料供應業",11441,"2011"
"E 用水供應及污染整治業",88959,"2011"
"EA.用水供應業",21519,"2011"
"EB.污染整治業",67440,"2011"
"F 營造業",403322,"2011"
"G 批發及零售業",2613402,"2011"
"GA.批發業",1568069,"2011"
"GB.零售業",1045333,"2011"
"H 運輸及倉儲業",419011,"2011"
"HA.陸上運輸業",181193,"2011"
"HB.水上運輸業",11065,"2011"
"HC.航空運輸業",59785,"2011"
"HD.運輸輔助及倉儲業",132436,"2011"
"HE.郵政及快遞業",34532,"2011"
"I 住宿及餐飲業",298157,"2011"
"IA住宿服務業",57931,"2011"
"IB.餐飲業",240226,"2011"
"J 資訊及通訊傳播業",492674,"2011"
"JA.傳播業",117005,"2011"
"JB.電信業",223245,"2011"
"JC.資訊業",152424,"2011"
"K 金融及保險業",901251,"2011"
"KA.金融中介業",573260,"2011"
"KB.保險業",216493,"2011"
"KC.證券期貨及其他金融業",111498,"2011"
"L 不動產業",1186799,"2011"
"LA.不動產業",182931,"2011"
"LB.住宅服務",1003868,"2011"
"M 專業、科學及技術服務業",315049,"2011"
"N 支援服務業",207830,"2011"
"NA.租賃業",42017,"2011"
"NB.其他支援服務業",165813,"2011"
"O 公共行政及國防",1004676,"2011"
"P 教育服務業",639167,"2011"
"Q 醫療保健及社會工作服務業",426758,"2011"
"QA.醫療保健服務業",388927,"2011"
"QB.社會工作服務業",37831,"2011"
"R 藝術、娛樂及休閒服務業",130191,"2011"
"S 其他服務業",419375,"2011"
"SA.對家庭服務之非營利機構",60311,"2011"
"SB.家事服務業",110822,"2011"
"SC.未分類其他服務業",248242,"2011"
"合 計",13450689,"2011"
"進口稅",162751,"2011"
"加值型營業稅",264154,"2011"
"總 計(生產面)",13877594,"2011"
"統計差異",-168520,"2011"
"GDP",13709074,"2011"
"補充項目:ICT產業",1788502,"2011"
"A 農、林、漁、牧業",249172,"2012"
"AA.農耕業",190260,"2012"
"AB.畜牧業",15211,"2012"
"AC.林業",1793,"2012"
"AD.漁業",41908,"2012"
"B 礦業及土石採取業",44307,"2012"
"C 製造業",3417885,"2012"
"CA.食品製造業",92707,"2012"
"CB.飲料及菸草製造業",90921,"2012"
"CC.紡織業",80114,"2012"
"CD.成衣及服飾品製造業",24303,"2012"
"CE.皮革、毛皮及其製品製造業",11607,"2012"
"CF.木竹製品製造業",10295,"2012"
"CG.紙漿、紙及紙製品製造業",42039,"2012"
"CH.印刷及資料儲存媒體複製業",38774,"2012"
"CI.石油及煤製品製造業",134799,"2012"
"CJ.化學材料製造業",240471,"2012"
"CK.化學製品製造業",55581,"2012"
"CL.藥品製造業",26630,"2012"
"CM.橡膠製品製造業",35118,"2012"
"CN.塑膠製品製造業",73823,"2012"
"CO.非金屬礦物製品製造業",66917,"2012"
"CP.基本金屬製造業",175272,"2012"
"CQ.金屬製品製造業",216056,"2012"
"CR.電子零組件製造業",1035306,"2012"
"CS.電腦、電子產品及光學製品製造業",385230,"2012"
"CT.電力設備製造業",120841,"2012"
"CU.機械設備製造業",189484,"2012"
"CV.汽車及其零件製造業",106566,"2012"
"CW.其他運輸工具製造業",75855,"2012"
"CX.家具製造業",15209,"2012"
"CY.其他製造業",73967,"2012"
"D 電力及燃氣供應業",123681,"2012"
"DA.電力供應業",112222,"2012"
"DB.氣體燃料供應業",11459,"2012"
"E 用水供應及污染整治業",92808,"2012"
"EA.用水供應業",21518,"2012"
"EB.污染整治業",71290,"2012"
"F 營造業",399683,"2012"
"G 批發及零售業",2651090,"2012"
"GA.批發業",1562205,"2012"
"GB.零售業",1088885,"2012"
"H 運輸及倉儲業",430761,"2012"
"HA.陸上運輸業",185711,"2012"
"HB.水上運輸業",11652,"2012"
"HC.航空運輸業",62622,"2012"
"HD.運輸輔助及倉儲業",136098,"2012"
"HE.郵政及快遞業",34678,"2012"
"I 住宿及餐飲業",314201,"2012"
"IA住宿服務業",62584,"2012"
"IB.餐飲業",251617,"2012"
"J 資訊及通訊傳播業",495077,"2012"
"JA.傳播業",114426,"2012"
"JB.電信業",221333,"2012"
"JC.資訊業",159318,"2012"
"K 金融及保險業",917455,"2012"
"KA.金融中介業",598238,"2012"
"KB.保險業",226665,"2012"
"KC.證券期貨及其他金融業",92552,"2012"
"L 不動產業",1218679,"2012"
"LA.不動產業",189134,"2012"
"LB.住宅服務",1029545,"2012"
"M 專業、科學及技術服務業",318361,"2012"
"N 支援服務業",219995,"2012"
"NA.租賃業",44602,"2012"
"NB.其他支援服務業",175393,"2012"
"O 公共行政及國防",1034470,"2012"
"P 教育服務業",653729,"2012"
"Q 醫療保健及社會工作服務業",445585,"2012"
"QA.醫療保健服務業",407129,"2012"
"QB.社會工作服務業",38456,"2012"
"R 藝術、娛樂及休閒服務業",136825,"2012"
"S 其他服務業",442197,"2012"
"SA.對家庭服務之非營利機構",60587,"2012"
"SB.家事服務業",114115,"2012"
"SC.未分類其他服務業",267495,"2012"
"合 計",13605961,"2012"
"進口稅",157515,"2012"
"加值型營業稅",260709,"2012"
"總 計(生產面)",14024185,"2012"
"統計差異",52914,"2012"
"GDP",14077099,"2012"
"補充項目:ICT產業",1801187,"2012"
